-- +goose up
CREATE TABLE IF NOT EXISTS "drug_prices" (
	"id"	INTEGER,
	"name"	TEXT,
	"name_alt"	TEXT,
	"amount"	INTEGER,
	"price"	INTEGER NOT NULL,
	PRIMARY KEY("id")
);
INSERT INTO drug_prices VALUES(1,'zaza','zaza',0,50);
INSERT INTO drug_prices VALUES(2,'tobacco','tobacco',0,5);
INSERT INTO drug_prices VALUES(3,'paper','papers',0,5);
INSERT INTO drug_prices VALUES(4,'joint','joint',0,30);
INSERT INTO drug_prices VALUES(5,'lighter','lighter',1,15);
INSERT INTO drug_prices VALUES(6,'cocaine','coke',0,150);
INSERT INTO drug_prices VALUES(7,'heroin','heroin',0,200);
INSERT INTO drug_prices VALUES(8,'meth','meth',0,100);
INSERT INTO drug_prices VALUES(9,'fent','fent',0,400);
INSERT INTO drug_prices VALUES(10,'pcp','angel dust',0,350);
CREATE TABLE IF NOT EXISTS "race_coords" (
	"id"	INTEGER,
	"race_id"	INTEGER,
	"seq_no"	INTEGER,
	"x"	REAL,
	"y"	REAL,
	"z"	REAL,
	"rot"	REAL,
	PRIMARY KEY("id"),
	FOREIGN KEY("race_id") REFERENCES "races"("id")
);
INSERT INTO race_coords VALUES(1,1,1,2605.09999999999991,1193.90000000000009,10.40000000000000035,0.0);
INSERT INTO race_coords VALUES(2,1,2,2393.159999999999855,1192.980000000000018,10.5,0.0);
INSERT INTO race_coords VALUES(3,1,3,2002.700000000000045,1209.40000000000009,17.60000000000000143,0.0);
INSERT INTO race_coords VALUES(4,1,4,1971.5,1248.09999999999991,17.60000000000000143,0.0);
INSERT INTO race_coords VALUES(5,1,5,1874.299999999999955,1247.59999999999991,17.60000000000000143,0.0);
INSERT INTO race_coords VALUES(6,1,6,1871.15000000000009,1151.109999999999899,10.38000000000000079,0.0);
INSERT INTO race_coords VALUES(7,1,7,1869.700000000000045,935.799999999999955,10.19999999999999928,0.0);
INSERT INTO race_coords VALUES(8,1,8,2106.800000000000182,955.200000000000045,15.30000000000000071,0.0);
INSERT INTO race_coords VALUES(9,1,9,2079.5,1031.700000000000045,10.30000000000000072,0.0);
INSERT INTO race_coords VALUES(10,1,10,2175.800000000000182,1134.200000000000045,12.19999999999999929,0.0);
INSERT INTO race_coords VALUES(11,1,11,2158.59999999999991,1274.40000000000009,17.30000000000000071,0.0);
INSERT INTO race_coords VALUES(12,2,1,-2005.410000000000081,288.4599999999999796,33.52000000000000313,0.0);
INSERT INTO race_coords VALUES(13,2,2,-2007.039999999999964,110.6899999999999978,27.10999999999999944,0.0);
INSERT INTO race_coords VALUES(14,2,3,-2006.25,-290.7799999999999727,34.88000000000000255,0.0);
INSERT INTO race_coords VALUES(15,2,4,-2209.030000000000201,-289.740000000000009,34.88000000000000255,0.0);
INSERT INTO race_coords VALUES(16,2,5,-2209.730000000000018,-189.6500000000000056,34.78999999999999915,0.0);
INSERT INTO race_coords VALUES(17,2,6,-2254.610000000000127,-190.9600000000000079,34.74000000000000198,0.0);
INSERT INTO race_coords VALUES(18,2,7,-2256.059999999999946,-350.240000000000009,50.43999999999999773,0.0);
INSERT INTO race_coords VALUES(19,2,8,-2185.699999999999818,-515.4800000000000181,47.65999999999999659,0.0);
INSERT INTO race_coords VALUES(20,2,9,-2224.949999999999818,-746.1299999999999955,64.04999999999999716,0.0);
INSERT INTO race_coords VALUES(21,2,10,-2346.90000000000009,-786.0299999999999728,93.6800000000000069,0.0);
INSERT INTO race_coords VALUES(22,2,11,-2422.639999999999873,-608.4099999999999682,132.1200000000000045,0.0);
INSERT INTO race_coords VALUES(23,2,12,-2628.309999999999946,-491.660000000000025,69.56999999999999317,0.0);
INSERT INTO race_coords VALUES(24,2,13,-2328.7199999999998,-460.5299999999999727,79.59000000000000341,0.0);
INSERT INTO race_coords VALUES(25,2,14,-2661.179999999999837,-401.1200000000000045,32.10000000000000142,0.0);
INSERT INTO race_coords VALUES(26,2,15,-2806.269999999999982,-470.3999999999999773,6.740000000000000213,0.0);
INSERT INTO race_coords VALUES(27,2,16,-2807.579999999999928,-167.5,6.589999999999999858,0.0);
INSERT INTO race_coords VALUES(28,2,17,-2808.820000000000163,35.11999999999999745,6.580000000000000071,0.0);
INSERT INTO race_coords VALUES(29,2,18,-2640.800000000000181,39.60000000000000142,3.75,0.0);
INSERT INTO race_coords VALUES(30,2,19,-2499.369999999999891,39.95000000000000285,26.03000000000000113,0.0);
INSERT INTO race_coords VALUES(31,2,20,-2422.130000000000109,40.88000000000000255,34.57000000000000028,0.0);
INSERT INTO race_coords VALUES(32,2,21,-2417.300000000000181,210.7199999999999989,34.57000000000000028,0.0);
INSERT INTO race_coords VALUES(33,2,22,-2308.730000000000018,419.4399999999999978,34.56000000000000227,0.0);
INSERT INTO race_coords VALUES(34,2,23,-2386.679999999999837,593.8799999999999955,26.83999999999999986,0.0);
INSERT INTO race_coords VALUES(35,2,24,-2386.0300000000002,806.5399999999999637,34.60000000000000142,0.0);
INSERT INTO race_coords VALUES(36,2,25,-2528.369999999999891,807.2799999999999728,49.39000000000000056,0.0);
INSERT INTO race_coords VALUES(37,2,26,-2750.920000000000072,810.490000000000009,52.61999999999999745,0.0);
INSERT INTO race_coords VALUES(38,2,27,-2823.320000000000163,947.659999999999969,43.46000000000000085,0.0);
INSERT INTO race_coords VALUES(39,2,28,-2879.4699999999998,1182.730000000000018,8.25,0.0);
INSERT INTO race_coords VALUES(40,2,29,-2681.9699999999998,1290.529999999999973,6.599999999999999645,0.0);
INSERT INTO race_coords VALUES(41,2,30,-2460.920000000000072,1377.009999999999991,5.589999999999999858,0.0);
INSERT INTO race_coords VALUES(42,2,31,-2192.159999999999854,1331.990000000000009,6.599999999999999645,0.0);
INSERT INTO race_coords VALUES(43,2,32,-1783.950000000000045,1353.34999999999991,6.599999999999999645,0.0);
INSERT INTO race_coords VALUES(44,2,33,-1580.799999999999955,1171.589999999999919,6.870000000000000106,0.0);
INSERT INTO race_coords VALUES(45,2,34,-1557.730000000000018,797.32000000000005,6.589999999999999858,0.0);
INSERT INTO race_coords VALUES(46,2,35,-1566.180000000000063,495.6000000000000227,6.580000000000000071,0.0);
INSERT INTO race_coords VALUES(47,2,36,-1739.460000000000036,313.6700000000000159,6.599999999999999645,0.0);
INSERT INTO race_coords VALUES(48,2,37,-1864.089999999999919,412.2799999999999727,16.57999999999999829,0.0);
INSERT INTO race_coords VALUES(49,2,38,-2005.410000000000081,288.4599999999999796,33.52000000000000313,0.0);
INSERT INTO race_coords VALUES(50,3,1,-1440.25,-287.259999999999991,13.82000000000000028,0.0);
INSERT INTO race_coords VALUES(51,3,2,-1665.940000000000054,-546.7999999999999546,11.18999999999999951,0.0);
INSERT INTO race_coords VALUES(52,3,3,-1810.789999999999964,-580.0800000000000409,16.16000000000000014,0.0);
INSERT INTO race_coords VALUES(53,3,4,-1809.759999999999991,-972.799999999999955,49.10000000000000142,0.0);
INSERT INTO race_coords VALUES(54,3,5,-1553.34999999999991,-1442.380000000000109,39.97999999999999687,0.0);
INSERT INTO race_coords VALUES(55,3,6,-1618.579999999999928,-1188.700000000000045,69.51000000000000511,0.0);
INSERT INTO race_coords VALUES(56,3,7,-1725.059999999999946,-830.240000000000009,79.1700000000000017,0.0);
INSERT INTO race_coords VALUES(57,3,8,-1632.210000000000036,-828.9199999999999591,93.7999999999999972,0.0);
INSERT INTO race_coords VALUES(58,3,9,-1591.799999999999955,-1152.680000000000063,102.6400000000000005,0.0);
INSERT INTO race_coords VALUES(59,3,10,-1406.559999999999946,-1415.769999999999982,105.1899999999999978,0.0);
INSERT INTO race_coords VALUES(60,3,11,-1130.430000000000063,-1336.529999999999973,127.5400000000000062,0.0);
INSERT INTO race_coords VALUES(61,3,12,-933.17999999999995,-1396.8599999999999,127.3499999999999944,0.0);
INSERT INTO race_coords VALUES(62,3,13,-878.2100000000000363,-1102.049999999999955,97.4399999999999978,0.0);
INSERT INTO race_coords VALUES(63,3,14,-603.4600000000000363,-975.789999999999964,63.84000000000000341,0.0);
INSERT INTO race_coords VALUES(64,3,15,-315.5699999999999932,-866.2100000000000363,46.70000000000000284,0.0);
INSERT INTO race_coords VALUES(65,3,16,-108.9099999999999966,-1009.809999999999946,23.85000000000000142,0.0);
INSERT INTO race_coords VALUES(66,3,17,-144.4300000000000068,-1272.829999999999928,2.620000000000000106,0.0);
INSERT INTO race_coords VALUES(67,3,18,-22.91000000000000014,-1518.8599999999999,1.649999999999999912,0.0);
INSERT INTO race_coords VALUES(68,3,19,164.259999999999991,-1519.180000000000063,12.25,0.0);
INSERT INTO race_coords VALUES(69,3,20,291.0299999999999727,-1493.180000000000063,32.46000000000000085,0.0);
INSERT INTO race_coords VALUES(70,3,21,317.5299999999999727,-1642.430000000000063,32.96999999999999887,0.0);
INSERT INTO race_coords VALUES(71,3,22,631.009999999999991,-1675.740000000000009,16.17999999999999972,0.0);
INSERT INTO race_coords VALUES(72,3,23,636.2999999999999546,-1408.25,13.23000000000000042,0.0);
INSERT INTO race_coords VALUES(73,3,24,848.4800000000000181,-1403.569999999999937,13.21000000000000085,0.0);
INSERT INTO race_coords VALUES(74,3,25,1050.650000000000091,-1402.200000000000045,13.23000000000000042,0.0);
INSERT INTO race_coords VALUES(75,3,26,1057.900000000000091,-1223.009999999999991,16.80000000000000071,0.0);
INSERT INTO race_coords VALUES(76,3,27,1062.640000000000101,-1144.430000000000063,23.55999999999999873,0.0);
INSERT INTO race_coords VALUES(77,3,28,1273.6099999999999,-1144.36999999999989,23.48000000000000042,0.0);
INSERT INTO race_coords VALUES(78,3,29,1504.8599999999999,-1162.559999999999946,23.73999999999999844,0.0);
INSERT INTO race_coords VALUES(79,3,30,1845.190000000000054,-1181.759999999999991,23.46999999999999887,0.0);
INSERT INTO race_coords VALUES(80,3,31,1849.230000000000018,-1367.160000000000081,13.23000000000000042,0.0);
INSERT INTO race_coords VALUES(81,3,32,1820.549999999999955,-1727.579999999999928,13.21000000000000085,0.0);
INSERT INTO race_coords VALUES(82,3,33,1688.720000000000027,-1730.069999999999937,13.21000000000000085,0.0);
INSERT INTO race_coords VALUES(83,3,34,1574.589999999999919,-1732.319999999999937,13.21000000000000085,0.0);
INSERT INTO race_coords VALUES(84,3,35,1567.240000000000009,-1870.160000000000081,13.22000000000000063,0.0);
INSERT INTO race_coords VALUES(85,3,36,1306.410000000000081,-1853.970000000000027,13.21000000000000085,0.0);
INSERT INTO race_coords VALUES(86,3,37,1059.670000000000073,-1850.799999999999955,13.23000000000000042,0.0);
INSERT INTO race_coords VALUES(87,3,38,1033.11999999999989,-2077.09999999999991,12.75999999999999979,0.0);
INSERT INTO race_coords VALUES(88,3,39,1057.640000000000101,-2312.449999999999819,12.64000000000000056,0.0);
INSERT INTO race_coords VALUES(89,3,40,1315.259999999999991,-2464.730000000000018,7.280000000000000248,0.0);
INSERT INTO race_coords VALUES(90,3,41,1504.079999999999928,-2457.980000000000018,2.089999999999999857,0.0);
INSERT INTO race_coords VALUES(91,3,42,1520.5,-2290.820000000000164,-3.359999999999999876,0.0);
INSERT INTO race_coords VALUES(92,3,43,1574.240000000000009,-2285.730000000000018,-3.359999999999999876,0.0);
INSERT INTO race_coords VALUES(93,3,44,1580.569999999999937,-2255.929999999999836,-3.220000000000000195,0.0);
INSERT INTO race_coords VALUES(94,3,45,1751.789999999999964,-2254.440000000000054,-1.389999999999999903,0.0);
INSERT INTO race_coords VALUES(95,3,46,1797.3599999999999,-2283.210000000000036,8.939999999999999503,0.0);
INSERT INTO race_coords VALUES(96,3,47,1694.670000000000072,-2319.059999999999946,13.0,0.0);
INSERT INTO race_coords VALUES(97,3,48,1578.430000000000063,-2317.909999999999855,13.0,0.0);
INSERT INTO race_coords VALUES(98,3,49,1579.589999999999919,-2194.639999999999873,12.99000000000000021,0.0);
INSERT INTO race_coords VALUES(99,3,50,1771.15000000000009,-2169.070000000000164,13.0,0.0);
INSERT INTO race_coords VALUES(100,3,51,1954.6099999999999,-2165.84999999999991,13.0,0.0);
INSERT INTO race_coords VALUES(101,3,52,1965.289999999999964,-2289.739999999999781,13.16999999999999993,0.0);
INSERT INTO race_coords VALUES(102,3,53,1889.8599999999999,-2411.429999999999837,13.16000000000000014,0.0);
INSERT INTO race_coords VALUES(103,4,1,2046.950000000000045,982.899999999999978,10.21000000000000086,0.0);
INSERT INTO race_coords VALUES(104,4,2,2048.639999999999873,842.0900000000000318,6.269999999999999574,0.0);
INSERT INTO race_coords VALUES(105,4,3,2214.630000000000109,834.2200000000000272,6.299999999999999823,0.0);
INSERT INTO race_coords VALUES(106,4,4,2500.25,838.8500000000000227,6.299999999999999823,0.0);
INSERT INTO race_coords VALUES(107,4,5,2687.550000000000181,978.639999999999987,6.290000000000000035,0.0);
INSERT INTO race_coords VALUES(108,4,6,2726.260000000000218,1206.990000000000009,6.290000000000000035,0.0);
INSERT INTO race_coords VALUES(109,4,7,2726.260000000000218,1446.079999999999928,6.290000000000000035,0.0);
INSERT INTO race_coords VALUES(110,4,8,2727.659999999999855,1822.880000000000109,6.299999999999999823,0.0);
INSERT INTO race_coords VALUES(111,4,9,2725.440000000000054,2155.230000000000018,6.30999999999999961,0.0);
INSERT INTO race_coords VALUES(112,4,10,2681.639999999999873,2450.489999999999782,6.280000000000000248,0.0);
INSERT INTO race_coords VALUES(113,4,11,2491.0,2612.429999999999837,4.660000000000000142,0.0);
INSERT INTO race_coords VALUES(114,4,12,2198.719999999999799,2612.0300000000002,6.330000000000000071,0.0);
INSERT INTO race_coords VALUES(115,4,13,1908.170000000000072,2531.059999999999946,6.360000000000000319,0.0);
INSERT INTO race_coords VALUES(116,4,14,1587.369999999999891,2472.760000000000218,6.349999999999999645,0.0);
INSERT INTO race_coords VALUES(117,4,15,1242.09999999999991,2478.199999999999819,8.02999999999999936,0.0);
INSERT INTO race_coords VALUES(118,4,16,961.07000000000005,2586.929999999999837,10.16000000000000014,0.0);
INSERT INTO race_coords VALUES(119,4,17,661.17999999999995,2659.260000000000218,27.35999999999999944,0.0);
INSERT INTO race_coords VALUES(120,4,18,389.089999999999975,2700.559999999999946,60.27000000000000312,0.0);
INSERT INTO race_coords VALUES(121,4,19,113.1200000000000045,2713.059999999999946,52.11999999999999745,0.0);
INSERT INTO race_coords VALUES(122,4,20,-219.2899999999999921,2635.40000000000009,62.4200000000000017,0.0);
INSERT INTO race_coords VALUES(123,4,21,-502.1000000000000227,2716.769999999999982,65.31000000000000227,0.0);
INSERT INTO race_coords VALUES(124,4,22,-831.9199999999999591,2727.309999999999946,45.20000000000000285,0.0);
INSERT INTO race_coords VALUES(125,4,23,-1247.940000000000054,2677.409999999999855,47.0,0.0);
INSERT INTO race_coords VALUES(126,4,24,-1440.670000000000072,2723.940000000000054,63.56000000000000227,0.0);
INSERT INTO race_coords VALUES(127,4,25,-1769.1099999999999,2715.4699999999998,58.65999999999999659,0.0);
INSERT INTO race_coords VALUES(128,4,26,-1972.119999999999891,2613.210000000000036,49.13000000000000255,0.0);
INSERT INTO race_coords VALUES(129,4,27,-2382.210000000000036,2671.809999999999946,58.85000000000000142,0.0);
INSERT INTO race_coords VALUES(130,4,28,-2764.699999999999819,2501.84999999999991,95.5100000000000051,0.0);
INSERT INTO race_coords VALUES(131,4,29,-2689.329999999999928,2114.699999999999818,54.97999999999999688,0.0);
INSERT INTO race_coords VALUES(132,4,30,-2688.340000000000145,1456.019999999999982,54.99000000000000198,0.0);
INSERT INTO race_coords VALUES(133,4,31,-2625.090000000000145,1138.819999999999937,54.99000000000000198,0.0);
INSERT INTO race_coords VALUES(134,4,32,-2217.280000000000201,1055.740000000000009,55.14000000000000056,0.0);
INSERT INTO race_coords VALUES(135,4,33,-1889.410000000000081,1051.039999999999964,44.85000000000000142,0.0);
INSERT INTO race_coords VALUES(136,4,34,-1899.670000000000072,849.8500000000000227,34.5799999999999983,0.0);
INSERT INTO race_coords VALUES(137,4,35,-1713.299999999999955,845.3300000000000409,24.28999999999999915,0.0);
INSERT INTO race_coords VALUES(138,4,36,-1539.910000000000081,839.9500000000000454,6.610000000000000319,0.0);
INSERT INTO race_coords VALUES(139,4,37,-1565.6099999999999,498.0500000000000113,6.580000000000000071,0.0);
INSERT INTO race_coords VALUES(140,4,38,-1747.15000000000009,308.3799999999999955,6.589999999999999858,0.0);
INSERT INTO race_coords VALUES(141,4,39,-1831.839999999999919,386.9800000000000181,16.57000000000000028,0.0);
INSERT INTO race_coords VALUES(142,4,40,-1895.200000000000045,111.2699999999999961,37.68999999999999773,0.0);
INSERT INTO race_coords VALUES(143,4,41,-1932.299999999999955,-234.4099999999999966,38.17999999999999972,0.0);
INSERT INTO race_coords VALUES(144,4,42,-2156.960000000000036,-334.990000000000009,34.75,0.0);
INSERT INTO race_coords VALUES(145,4,43,-2583.09999999999991,-337.75,21.51999999999999958,0.0);
INSERT INTO race_coords VALUES(146,4,44,-2809.170000000000072,-499.6800000000000068,6.629999999999999894,0.0);
INSERT INTO race_coords VALUES(147,4,45,-2871.449999999999819,-866.3600000000000136,7.160000000000000142,0.0);
INSERT INTO race_coords VALUES(148,4,46,-2916.019999999999982,-1187.029999999999973,8.910000000000000142,0.0);
INSERT INTO race_coords VALUES(149,4,47,-2929.460000000000036,-1695.339999999999919,16.89999999999999857,0.0);
INSERT INTO race_coords VALUES(150,4,48,-2784.75,-2012.380000000000109,37.57000000000000028,0.0);
INSERT INTO race_coords VALUES(151,4,49,-2540.789999999999964,-2218.719999999999799,28.94000000000000127,0.0);
INSERT INTO race_coords VALUES(152,4,50,-2449.420000000000072,-2542.659999999999855,48.92999999999999972,0.0);
INSERT INTO race_coords VALUES(153,4,51,-2035.019999999999982,-2659.050000000000181,55.27000000000000312,0.0);
INSERT INTO race_coords VALUES(154,4,52,-1719.660000000000081,-2665.34999999999991,46.53999999999999915,0.0);
INSERT INTO race_coords VALUES(155,4,53,-1276.700000000000045,-2896.9699999999998,56.22999999999999688,0.0);
INSERT INTO race_coords VALUES(156,4,54,-973.309999999999946,-2867.579999999999928,66.5,0.0);
INSERT INTO race_coords VALUES(157,4,55,-647.8999999999999773,-2784.309999999999946,50.04999999999999716,0.0);
INSERT INTO race_coords VALUES(158,4,56,-185.6100000000000137,-2872.170000000000072,38.74000000000000198,0.0);
INSERT INTO race_coords VALUES(159,4,57,6.839999999999999858,-2647.050000000000181,39.75,0.0);
INSERT INTO race_coords VALUES(160,4,58,-288.259999999999991,-2197.389999999999873,27.96000000000000085,0.0);
INSERT INTO race_coords VALUES(161,4,59,-292.6800000000000068,-1771.75,15.14000000000000056,0.0);
INSERT INTO race_coords VALUES(162,4,60,-110.2300000000000039,-1455.490000000000009,12.35999999999999944,0.0);
INSERT INTO race_coords VALUES(163,4,61,116.7199999999999989,-1268.029999999999973,14.76999999999999958,0.0);
INSERT INTO race_coords VALUES(164,4,62,495.3500000000000227,-1137.529999999999973,30.69000000000000127,0.0);
INSERT INTO race_coords VALUES(165,4,63,627.6299999999999955,-1246.940000000000054,17.19000000000000127,0.0);
INSERT INTO race_coords VALUES(166,4,64,632.0599999999999454,-1525.990000000000009,14.53999999999999915,0.0);
INSERT INTO race_coords VALUES(167,4,65,632.9800000000000181,-1742.990000000000009,12.84999999999999965,0.0);
INSERT INTO race_coords VALUES(168,4,66,836.3700000000000045,-1782.84999999999991,13.31000000000000049,0.0);
INSERT INTO race_coords VALUES(169,4,67,1039.180000000000063,-2062.380000000000109,12.48000000000000042,0.0);
INSERT INTO race_coords VALUES(170,4,68,1075.36999999999989,-2339.65000000000009,12.00999999999999979,0.0);
INSERT INTO race_coords VALUES(171,4,69,1310.950000000000045,-2464.579999999999928,7.219999999999999752,0.0);
INSERT INTO race_coords VALUES(172,4,70,1334.089999999999919,-2583.550000000000181,12.93999999999999951,0.0);
INSERT INTO race_coords VALUES(173,4,71,1551.34999999999991,-2684.510000000000218,6.849999999999999645,0.0);
INSERT INTO race_coords VALUES(174,4,72,2021.180000000000063,-2685.050000000000181,10.63000000000000079,0.0);
INSERT INTO race_coords VALUES(175,4,73,2175.519999999999982,-2523.739999999999782,12.92999999999999972,0.0);
INSERT INTO race_coords VALUES(176,4,74,2311.619999999999891,-2260.420000000000072,12.91999999999999993,0.0);
INSERT INTO race_coords VALUES(177,4,75,2600.690000000000054,-2169.420000000000072,12.03999999999999915,0.0);
INSERT INTO race_coords VALUES(178,4,76,2829.699999999999819,-2096.630000000000109,10.49000000000000021,0.0);
INSERT INTO race_coords VALUES(179,4,77,2858.510000000000218,-1731.369999999999891,10.43999999999999951,0.0);
INSERT INTO race_coords VALUES(180,4,78,2926.179999999999837,-1446.59999999999991,10.43999999999999951,0.0);
INSERT INTO race_coords VALUES(181,4,79,2891.2800000000002,-918.2699999999999819,10.43999999999999951,0.0);
INSERT INTO race_coords VALUES(182,4,80,2897.260000000000218,-526.2699999999999819,12.0,0.0);
INSERT INTO race_coords VALUES(183,4,81,2800.090000000000145,-240.7899999999999921,11.08999999999999986,0.0);
INSERT INTO race_coords VALUES(184,4,82,2877.809999999999946,-40.02000000000000313,16.98999999999999843,0.0);
INSERT INTO race_coords VALUES(185,4,83,2808.869999999999891,76.25,19.55000000000000071,0.0);
INSERT INTO race_coords VALUES(186,4,84,2740.159999999999855,276.1899999999999978,19.82999999999999829,0.0);
INSERT INTO race_coords VALUES(187,4,85,2475.489999999999782,318.1499999999999773,30.80999999999999873,0.0);
INSERT INTO race_coords VALUES(188,4,86,2124.840000000000146,319.75,33.45000000000000285,0.0);
INSERT INTO race_coords VALUES(189,4,87,1717.8900000000001,303.1499999999999773,19.01000000000000157,0.0);
INSERT INTO race_coords VALUES(190,4,88,1741.180000000000063,501.1100000000000136,28.57000000000000028,0.0);
INSERT INTO race_coords VALUES(191,4,89,1807.990000000000009,829.1900000000000546,10.24000000000000021,0.0);
INSERT INTO race_coords VALUES(192,4,90,2051.829999999999928,834.9500000000000454,6.299999999999999823,0.0);
INSERT INTO race_coords VALUES(193,4,91,2070.530000000000201,961.720000000000027,9.88000000000000079,0.0);
INSERT INTO race_coords VALUES(194,4,92,2046.410000000000081,999.059999999999946,10.24000000000000021,0.0);
INSERT INTO race_coords VALUES(195,5,1,369.6399999999999864,2502.15000000000009,17.39999999999999857,0.0);
INSERT INTO race_coords VALUES(196,5,2,-14.31000000000000049,2500.380000000000109,48.36999999999999745,0.0);
INSERT INTO race_coords VALUES(197,5,3,-416.1999999999999887,2460.880000000000109,99.8400000000000034,0.0);
INSERT INTO race_coords VALUES(198,5,4,-763.9700000000000272,2511.050000000000181,148.7700000000000102,0.0);
INSERT INTO race_coords VALUES(199,5,5,-1165.759999999999991,2715.239999999999782,108.6500000000000056,0.0);
INSERT INTO race_coords VALUES(200,5,6,-1496.059999999999946,2721.65000000000009,135.4399999999999978,0.0);
INSERT INTO race_coords VALUES(201,5,7,-1818.740000000000009,2634.09999999999991,130.4600000000000079,0.0);
INSERT INTO race_coords VALUES(202,5,8,-1932.009999999999991,2278.659999999999854,130.0300000000000011,0.0);
INSERT INTO race_coords VALUES(203,5,9,-1784.930000000000063,2042.319999999999937,130.4000000000000056,0.0);
INSERT INTO race_coords VALUES(204,5,10,-1518.670000000000072,1946.809999999999946,136.8100000000000022,0.0);
INSERT INTO race_coords VALUES(205,5,11,-1148.5,2143.690000000000054,121.2800000000000011,0.0);
INSERT INTO race_coords VALUES(206,5,12,-861.3400000000000318,2313.760000000000218,178.1999999999999887,0.0);
INSERT INTO race_coords VALUES(207,5,13,-591.259999999999991,2500.010000000000218,120.7099999999999938,0.0);
INSERT INTO race_coords VALUES(208,5,14,-267.5400000000000204,2545.039999999999964,78.56000000000000227,0.0);
INSERT INTO race_coords VALUES(209,5,15,125.8400000000000034,2510.739999999999782,35.64999999999999858,0.0);
INSERT INTO race_coords VALUES(210,5,16,353.490000000000009,2505.9699999999998,17.39999999999999857,0.0);
INSERT INTO race_coords VALUES(211,6,1,-1481.069999999999937,2105.320000000000164,45.4200000000000017,0.0);
INSERT INTO race_coords VALUES(212,6,2,-1530.130000000000109,2199.820000000000164,49.65999999999999659,0.0);
INSERT INTO race_coords VALUES(213,6,3,-1529.740000000000009,2363.929999999999837,46.29999999999999716,0.0);
INSERT INTO race_coords VALUES(214,6,4,-1620.15000000000009,2384.59999999999991,50.6700000000000017,0.0);
INSERT INTO race_coords VALUES(215,6,5,-1681.549999999999955,2334.769999999999982,32.0,0.0);
INSERT INTO race_coords VALUES(216,6,6,-1751.730000000000018,2289.579999999999928,35.0799999999999983,0.0);
INSERT INTO race_coords VALUES(217,6,7,-1686.119999999999891,2387.119999999999891,56.78999999999999915,0.0);
INSERT INTO race_coords VALUES(218,6,8,-1744.660000000000081,2456.519999999999982,72.04999999999999716,0.0);
INSERT INTO race_coords VALUES(219,6,9,-1656.309999999999946,2466.380000000000109,86.70000000000000284,0.0);
INSERT INTO race_coords VALUES(220,6,10,-1652.160000000000081,2576.190000000000054,83.35999999999999944,0.0);
INSERT INTO race_coords VALUES(221,6,11,-1714.740000000000009,2673.210000000000036,62.39999999999999858,0.0);
INSERT INTO race_coords VALUES(222,6,12,-1777.119999999999891,2710.110000000000127,58.5799999999999983,0.0);
INSERT INTO race_coords VALUES(223,6,13,-1856.470000000000027,2574.75,49.8299999999999983,0.0);
INSERT INTO race_coords VALUES(224,6,14,-1995.670000000000072,2397.389999999999873,33.17999999999999972,0.0);
INSERT INTO race_coords VALUES(225,6,15,-1962.549999999999955,2229.5,11.75999999999999979,0.0);
INSERT INTO race_coords VALUES(226,6,16,-1823.069999999999937,2140.610000000000127,7.530000000000000248,0.0);
INSERT INTO race_coords VALUES(227,6,17,-1712.6099999999999,2273.929999999999836,13.50999999999999979,0.0);
INSERT INTO race_coords VALUES(228,6,18,-1613.589999999999919,2381.079999999999928,50.68999999999999773,0.0);
INSERT INTO race_coords VALUES(229,6,19,-1437.670000000000072,2367.34999999999991,52.99000000000000198,0.0);
INSERT INTO race_coords VALUES(230,6,20,-1356.509999999999991,2181.860000000000127,49.10000000000000142,0.0);
INSERT INTO race_coords VALUES(231,6,21,-1478.089999999999919,2109.090000000000146,45.39999999999999858,0.0);
INSERT INTO race_coords VALUES(232,6,22,-1486.210000000000036,1967.440000000000054,47.95000000000000284,0.0);
INSERT INTO race_coords VALUES(233,7,1,-1133.170000000000073,1765.529999999999973,36.57000000000000028,0.0);
INSERT INTO race_coords VALUES(234,7,2,-1071.730000000000018,1690.660000000000081,26.67999999999999972,0.0);
INSERT INTO race_coords VALUES(235,7,3,-1017.019999999999982,1620.940000000000054,32.38000000000000255,0.0);
INSERT INTO race_coords VALUES(236,7,4,-1022.92999999999995,1572.730000000000018,34.25,0.0);
INSERT INTO race_coords VALUES(237,7,5,-1060.640000000000101,1518.490000000000009,33.71000000000000085,0.0);
INSERT INTO race_coords VALUES(238,7,6,-1027.089999999999918,1451.559999999999946,38.59000000000000342,0.0);
INSERT INTO race_coords VALUES(239,7,7,-1023.230000000000018,1409.410000000000081,39.46000000000000085,0.0);
INSERT INTO race_coords VALUES(240,7,8,-992.399999999999978,1437.329999999999928,38.15999999999999658,0.0);
INSERT INTO race_coords VALUES(241,7,9,-977.029999999999973,1429.720000000000027,32.72999999999999687,0.0);
INSERT INTO race_coords VALUES(242,7,10,-936.200000000000045,1411.589999999999919,29.51999999999999958,0.0);
INSERT INTO race_coords VALUES(243,7,11,-906.6599999999999682,1452.049999999999955,27.16000000000000014,0.0);
INSERT INTO race_coords VALUES(244,7,12,-880.8700000000000045,1498.579999999999928,24.19999999999999929,0.0);
INSERT INTO race_coords VALUES(245,7,13,-893.2899999999999637,1546.480000000000018,25.53000000000000113,0.0);
INSERT INTO race_coords VALUES(246,7,14,-855.6499999999999773,1608.3599999999999,26.53999999999999915,0.0);
INSERT INTO race_coords VALUES(247,7,15,-788.2699999999999819,1618.309999999999946,26.78000000000000113,0.0);
INSERT INTO race_coords VALUES(248,7,16,-767.8300000000000409,1577.40000000000009,26.66000000000000014,0.0);
INSERT INTO race_coords VALUES(249,7,17,-759.2100000000000363,1490.65000000000009,24.44000000000000127,0.0);
INSERT INTO race_coords VALUES(250,7,18,-731.92999999999995,1460.680000000000063,17.75,0.0);
INSERT INTO race_coords VALUES(251,7,19,-758.2799999999999728,1458.579999999999928,15.09999999999999965,0.0);
INSERT INTO race_coords VALUES(252,7,20,-763.3099999999999454,1414.0,13.51999999999999958,0.0);
INSERT INTO race_coords VALUES(253,7,21,-839.2200000000000272,1414.049999999999955,13.26999999999999958,0.0);
INSERT INTO race_coords VALUES(254,7,22,-845.5,1492.690000000000054,17.96000000000000085,0.0);
INSERT INTO race_coords VALUES(255,7,23,-777.8600000000000136,1491.569999999999937,23.53000000000000113,0.0);
INSERT INTO race_coords VALUES(256,8,1,1620.289999999999964,-1628.8900000000001,13.24000000000000021,0.0);
INSERT INTO race_coords VALUES(257,8,2,1620.200000000000045,-1702.90000000000009,4.669999999999999929,0.0);
INSERT INTO race_coords VALUES(258,8,3,1632.259999999999991,-1766.990000000000009,3.649999999999999912,0.0);
INSERT INTO race_coords VALUES(259,8,4,1782.40000000000009,-1805.380000000000109,3.680000000000000159,0.0);
INSERT INTO race_coords VALUES(260,8,5,1958.339999999999919,-1846.930000000000063,3.75,0.0);
INSERT INTO race_coords VALUES(261,8,6,2052.380000000000109,-1944.220000000000027,7.679999999999999716,0.0);
INSERT INTO race_coords VALUES(262,8,7,2314.630000000000109,-2213.969999999999799,5.75,0.0);
INSERT INTO race_coords VALUES(263,8,8,2175.829999999999928,-2061.039999999999964,7.679999999999999716,0.0);
INSERT INTO race_coords VALUES(264,8,9,1970.059999999999946,-1854.970000000000027,3.899999999999999912,0.0);
INSERT INTO race_coords VALUES(265,8,10,2156.190000000000054,-1852.710000000000036,3.680000000000000159,0.0);
INSERT INTO race_coords VALUES(266,8,11,2494.210000000000036,-1852.319999999999937,1.590000000000000079,0.0);
INSERT INTO race_coords VALUES(267,8,12,2565.429999999999837,-1853.039999999999964,3.549999999999999823,0.0);
INSERT INTO race_coords VALUES(268,8,13,2570.070000000000163,-2058.010000000000219,3.549999999999999823,0.0);
INSERT INTO race_coords VALUES(269,8,14,2591.110000000000127,-2193.539999999999964,-0.5200000000000000177,0.0);
INSERT INTO race_coords VALUES(270,8,15,2597.079999999999928,-2057.170000000000072,3.549999999999999823,0.0);
INSERT INTO race_coords VALUES(271,8,16,2603.210000000000036,-1863.049999999999955,3.439999999999999947,0.0);
INSERT INTO race_coords VALUES(272,8,17,2613.239999999999782,-1630.549999999999955,4.870000000000000106,0.0);
INSERT INTO race_coords VALUES(273,8,18,2643.139999999999873,-1621.160000000000081,10.41999999999999993,0.0);
INSERT INTO race_coords VALUES(274,8,19,2642.090000000000145,-1726.8599999999999,10.42999999999999972,0.0);
INSERT INTO race_coords VALUES(275,8,20,2483.159999999999855,-1732.829999999999928,13.08000000000000007,0.0);
INSERT INTO race_coords VALUES(276,8,21,2483.7199999999998,-1666.6400000000001,13.02999999999999937,0.0);
INSERT INTO race_coords VALUES(277,9,1,-2686.070000000000163,2141.559999999999946,55.25999999999999802,0.0);
INSERT INTO race_coords VALUES(278,9,2,-2688.579999999999928,1580.160000000000081,63.14000000000000056,0.0);
INSERT INTO race_coords VALUES(279,9,3,-2655.429999999999837,1166.880000000000109,55.25,0.0);
INSERT INTO race_coords VALUES(280,9,4,-2393.329999999999928,1081.700000000000045,55.39999999999999858,0.0);
INSERT INTO race_coords VALUES(281,9,5,-2091.570000000000164,1055.140000000000101,55.40999999999999659,0.0);
INSERT INTO race_coords VALUES(282,9,6,-1884.1400000000001,1056.420000000000073,45.11999999999999745,0.0);
INSERT INTO race_coords VALUES(283,10,1,1395.869999999999891,-877.240000000000009,40.53999999999999915,0.0);
INSERT INTO race_coords VALUES(284,10,2,1509.910000000000081,-859.0599999999999454,63.56000000000000227,0.0);
INSERT INTO race_coords VALUES(285,10,3,1490.380000000000109,-772.3700000000000045,87.0,0.0);
INSERT INTO race_coords VALUES(286,10,4,1433.630000000000109,-696.1200000000000045,87.9200000000000017,0.0);
INSERT INTO race_coords VALUES(287,10,5,1309.930000000000063,-707.6599999999999682,92.6099999999999995,0.0);
INSERT INTO race_coords VALUES(288,10,6,1139.549999999999955,-764.7899999999999637,108.4099999999999966,0.0);
INSERT INTO race_coords VALUES(289,10,7,961.129999999999996,-794.2799999999999728,105.0799999999999983,0.0);
INSERT INTO race_coords VALUES(290,10,8,869.4099999999999682,-774.3600000000000136,87.01000000000000511,0.0);
INSERT INTO race_coords VALUES(291,10,9,643.7999999999999546,-893.82000000000005,62.71999999999999887,0.0);
INSERT INTO race_coords VALUES(292,10,10,514.25,-944.57000000000005,78.65999999999999659,0.0);
INSERT INTO race_coords VALUES(293,10,11,280.1100000000000136,-1090.109999999999899,83.85999999999999944,0.0);
INSERT INTO race_coords VALUES(294,10,12,156.4600000000000079,-1210.779999999999973,46.90999999999999659,0.0);
INSERT INTO race_coords VALUES(295,10,13,172.240000000000009,-1402.15000000000009,46.40999999999999659,0.0);
INSERT INTO race_coords VALUES(296,10,14,360.339999999999975,-1266.710000000000036,53.35999999999999944,0.0);
INSERT INTO race_coords VALUES(297,10,15,601.92999999999995,-1163.940000000000054,45.60000000000000142,0.0);
INSERT INTO race_coords VALUES(298,10,16,614.759999999999991,-1117.509999999999991,46.90999999999999659,0.0);
INSERT INTO race_coords VALUES(299,10,17,747.7000000000000454,-947.629999999999996,54.79999999999999716,0.0);
INSERT INTO race_coords VALUES(300,10,18,874.07000000000005,-858.4500000000000454,77.28000000000000113,0.0);
INSERT INTO race_coords VALUES(301,10,19,1105.170000000000073,-768.2899999999999637,108.7800000000000011,0.0);
INSERT INTO race_coords VALUES(302,10,20,1362.769999999999982,-681.0499999999999546,93.0900000000000034,0.0);
INSERT INTO race_coords VALUES(303,10,21,1398.710000000000036,-592.5,78.4200000000000017,0.0);
INSERT INTO race_coords VALUES(304,10,22,1277.630000000000109,-607.3099999999999454,101.9500000000000028,0.0);
INSERT INTO race_coords VALUES(305,10,23,1099.279999999999973,-619.7899999999999637,108.4699999999999989,0.0);
INSERT INTO race_coords VALUES(306,10,24,894.17999999999995,-734.7300000000000181,103.2800000000000011,0.0);
INSERT INTO race_coords VALUES(307,10,25,769.3899999999999864,-802.6000000000000227,64.65000000000000569,0.0);
INSERT INTO race_coords VALUES(308,10,26,673.4099999999999682,-885.8799999999999955,66.04999999999999716,0.0);
INSERT INTO race_coords VALUES(309,10,27,689.0599999999999454,-906.7100000000000363,72.0,0.0);
INSERT INTO race_coords VALUES(310,10,28,700.7100000000000363,-936.009999999999991,70.65000000000000569,0.0);
INSERT INTO race_coords VALUES(311,10,29,720.8899999999999864,-927.110000000000013,66.01000000000000511,0.0);
INSERT INTO race_coords VALUES(312,10,30,711.8999999999999773,-946.139999999999987,62.22999999999999688,0.0);
INSERT INTO race_coords VALUES(313,10,31,747.17999999999995,-938.610000000000013,55.11999999999999745,0.0);
INSERT INTO race_coords VALUES(314,10,32,805.4800000000000181,-883.5599999999999454,59.97999999999999688,0.0);
INSERT INTO race_coords VALUES(315,10,33,831.0900000000000318,-874.6599999999999682,68.62000000000000454,0.0);
INSERT INTO race_coords VALUES(316,10,34,866.5,-902.07000000000005,63.75,0.0);
INSERT INTO race_coords VALUES(317,10,35,843.0,-949.600000000000022,49.34000000000000341,0.0);
INSERT INTO race_coords VALUES(318,10,36,928.950000000000045,-949.120000000000004,39.88000000000000255,0.0);
INSERT INTO race_coords VALUES(319,10,37,1084.319999999999937,-953.840000000000031,42.38000000000000255,0.0);
INSERT INTO race_coords VALUES(320,10,38,1340.09999999999991,-934.519999999999982,35.32000000000000028,0.0);
INSERT INTO race_coords VALUES(321,11,1,-2215.449999999999818,2440.699999999999819,-0.3900000000000000133,0.0);
INSERT INTO race_coords VALUES(322,11,2,-2147.84999999999991,2422.710000000000036,-0.5999999999999999778,0.0);
INSERT INTO race_coords VALUES(323,11,3,-2128.34999999999991,2265.90000000000009,-0.4299999999999999934,0.0);
INSERT INTO race_coords VALUES(324,11,4,-2049.329999999999928,2053.880000000000109,-0.6099999999999999867,0.0);
INSERT INTO race_coords VALUES(325,11,5,-1858.630000000000109,1806.509999999999991,-0.5300000000000000266,0.0);
INSERT INTO race_coords VALUES(326,11,6,-1570.069999999999937,1516.509999999999991,-0.4799999999999999823,0.0);
INSERT INTO race_coords VALUES(327,11,7,-1387.240000000000009,1212.079999999999928,-0.25,0.0);
INSERT INTO race_coords VALUES(328,11,8,-1222.759999999999991,839.2999999999999546,-0.5,0.0);
INSERT INTO race_coords VALUES(329,11,9,-999.0,521.2200000000000272,-0.5200000000000000177,0.0);
INSERT INTO race_coords VALUES(330,11,10,-1016.41999999999996,95.7399999999999949,-0.4899999999999999912,0.0);
INSERT INTO race_coords VALUES(331,11,11,-1021.740000000000009,-245.0399999999999921,-0.4699999999999999734,0.0);
INSERT INTO race_coords VALUES(332,11,12,-837.5499999999999546,-323.7200000000000273,-0.2899999999999999801,0.0);
INSERT INTO race_coords VALUES(333,11,13,-473.0799999999999841,-330.8199999999999932,-0.4199999999999999845,0.0);
INSERT INTO race_coords VALUES(334,11,14,-245.8100000000000022,-493.8500000000000227,-0.4899999999999999912,0.0);
INSERT INTO race_coords VALUES(335,11,15,-103.3299999999999983,-609.3999999999999773,-0.5200000000000000177,0.0);
INSERT INTO race_coords VALUES(336,11,16,72.46999999999999887,-480.3899999999999864,-0.5,0.0);
INSERT INTO race_coords VALUES(337,11,17,252.5399999999999921,-394.3899999999999864,-0.4299999999999999934,0.0);
INSERT INTO race_coords VALUES(338,11,18,542.2799999999999728,-243.5399999999999921,-0.4299999999999999934,0.0);
INSERT INTO race_coords VALUES(339,11,19,771.9099999999999682,-172.1399999999999863,-0.3400000000000000244,0.0);
INSERT INTO race_coords VALUES(340,11,20,1010.879999999999996,-113.25,-0.3699999999999999956,0.0);
INSERT INTO race_coords VALUES(341,11,21,1199.940000000000054,-132.3199999999999932,-0.5,0.0);
INSERT INTO race_coords VALUES(342,11,22,1398.369999999999891,-255.3600000000000136,-0.4899999999999999912,0.0);
INSERT INTO race_coords VALUES(343,11,23,1577.5,-161.4499999999999887,-0.3900000000000000133,0.0);
INSERT INTO race_coords VALUES(344,11,24,1642.75,-8.630000000000000782,-0.5,0.0);
INSERT INTO race_coords VALUES(345,11,25,1849.509999999999991,-64.96999999999999887,-0.1799999999999999934,0.0);
INSERT INTO race_coords VALUES(346,11,26,2019.440000000000054,-85.65000000000000569,-0.4899999999999999912,0.0);
INSERT INTO race_coords VALUES(347,11,27,2098.880000000000109,41.38000000000000255,-0.25,0.0);
INSERT INTO race_coords VALUES(348,11,28,2200.260000000000219,317.3700000000000045,-0.4000000000000000222,0.0);
INSERT INTO race_coords VALUES(349,11,29,2320.670000000000072,526.1000000000000227,-0.6899999999999999467,0.0);
CREATE TABLE IF NOT EXISTS "race_types" (
	"id"	INTEGER,
	"label"	TEXT,
	PRIMARY KEY("id")
);
INSERT INTO race_types VALUES(0,NULL);
INSERT INTO race_types VALUES(1,'Ground');
INSERT INTO race_types VALUES(2,'Air');
CREATE TABLE IF NOT EXISTS "races" (
	"id"	INTEGER,
	"name"	TEXT,
	"type"	INTEGER,
	"cost_dollars"	INTEGER,
	"prize_dollars"	INTEGER,
	"start_x"	REAL,
	"start_y"	REAL,
	"start_z"	REAL,
	PRIMARY KEY("id"),
	FOREIGN KEY("type") REFERENCES "race_types"("id")
);
INSERT INTO races VALUES(0,'Blank race (stub)',0,0,0,0.0,0.0,0.0);
INSERT INTO races VALUES(1,'Las Venturas Stunt Race No. 1',1,1500,35000,2635.670000000000072,1171.509999999999991,10.36999999999999921);
INSERT INTO races VALUES(2,'San Fierro WangCars Circuit',1,1500,20000,-2005.75,320.0699999999999932,34.5799999999999983);
INSERT INTO races VALUES(3,'San Fierro to Los Santos Airport Sprint',1,2000,35000,-1386.190000000000054,-407.3799999999999955,14.14000000000000056);
INSERT INTO races VALUES(4,'Las Venturas to Whole Map Circuit',1,3500,50000,2046.049999999999955,1009.33000000000004,10.24000000000000021);
INSERT INTO races VALUES(5,'Desert Air Circuit',2,4000,120000,400.6399999999999864,2504.59999999999991,16.48000000000000042);
INSERT INTO races VALUES(6,'El Quebrados Bandito Circuit',1,2500,45000,-1485.930000000000063,1974.90000000000009,47.71999999999999887);
INSERT INTO races VALUES(7,'Las Barrancas Sprint',1,3000,45000,-1169.089999999999919,1789.660000000000081,39.85000000000000142);
INSERT INTO races VALUES(8,'Los Santos Drainage Sprint',1,3500,50000,1619.920000000000072,-1607.589999999999919,13.24000000000000021);
INSERT INTO races VALUES(9,'Gant Bridge Sprint',1,2500,30000,-2686.570000000000163,2166.199999999999818,55.25999999999999802);
INSERT INTO races VALUES(10,'Los Santos Mulholland Sprint',1,1500,24000,1375.980000000000018,-934.92999999999995,34.00999999999999802);
INSERT INTO races VALUES(11,'Bayside to Las Venturas Boat Sprint',1,5000,68000,-2235.559999999999946,2419.820000000000163,3.0);
CREATE TABLE IF NOT EXISTS "teams" (
	"id"	INTEGER,
	"name"	TEXT,
	"color"	TEXT,
	"skins"	TEXT,
	"weapons"	TEXT,
	"ammu"	TEXT,
	"salary_base_dollars"	INTEGER NOT NULL,
	"salary_volatile_dollars"	INTEGER NOT NULL,
	"pickups"	TEXT,
	"menus"	TEXT,
	PRIMARY KEY("id")
);
INSERT INTO teams VALUES(0,'Blank team (stub)','000000AA','0,0,0,0,0','0,0,0,0,0,0,0,0,0,0,0','0,0,0,0,0,0,0,0,0,0,0',0,0,'0','0');
INSERT INTO teams VALUES(1,'Mechanics','008B8BAA','50,0,0,0,0','4,32,0,0,0,0,0,0,0,0,0','1,500,0,0,0,0,0,0,0,0,0',1800,1000,'0','0');
INSERT INTO teams VALUES(2,'Adminz','29FF06AA','29,0,0,0,0','32,0,0,0,0,0,0,0,0,0,0','1000,0,0,0,0,0,0,0,0,0,0',2100,1550,'0','0');
INSERT INTO teams VALUES(3,'Police','0000BBAA','285,0,0,0,0','30,31,32,0,0,0,0,0,0,0,0','500,100,111,0,0,0,0,0,0,0,0',1500,1000,'0','0');
INSERT INTO teams VALUES(4,'Truckerz','FF0000AA','50,0,0,0,0','32,0,0,0,0,0,0,0,0,0,0','100,0,0,0,0,0,0,0,0,0,0',1150,1000,'0','0');
INSERT INTO teams VALUES(5,'Taximen','008000AA','107,0,0,0,0','5,30,31,0,0,0,0,0,0,0,0','1,100,1000,0,0,0,0,0,0,0,0',1500,1200,'0','0');
INSERT INTO teams VALUES(6,'Dustmen','A52A2AAA','230,0,0,0,0','4,32,0,0,0,0,0,0,0,0,0','1,10,0,0,0,0,0,0,0,0,0',1500,250,'0','0');
INSERT INTO teams VALUES(7,'Pizzaboyz','ADFF2FAA','250,0,0,0,0','4,24,0,0,0,0,0,0,0,0,0','1,111,0,0,0,0,0,0,0,0,0',1250,500,'0','0');
INSERT INTO teams VALUES(8,'Hackerz','FFFFFFAA','170,0,0,0,0','4,24,0,0,0,0,0,0,0,0,0','1,111,0,0,0,0,0,0,0,0,0',1500,900,'0','0');
INSERT INTO teams VALUES(9,'Dealerz','FF8C00AA','29,0,0,0,0','4,32,0,0,0,0,0,0,0,0,0','1,100,0,0,0,0,0,0,0,0,0',2150,1800,'0','0');
CREATE TABLE IF NOT EXISTS "drug_owner_type" (
	"id"	INTEGER,
	"name"	TEXT,
	PRIMARY KEY("id")
);
INSERT INTO drug_owner_type VALUES(0,NULL);
INSERT INTO drug_owner_type VALUES(1,'Player');
INSERT INTO drug_owner_type VALUES(2,'Property');
CREATE TABLE IF NOT EXISTS "drugz" (
	"id"	INTEGER,
	"owner_type"	INTEGER NOT NULL DEFAULT 2,
	"owner_id"	INTEGER NOT NULL UNIQUE,
	"cocaine"	INTEGER DEFAULT 0,
	"heroin"	INTEGER DEFAULT 0,
	"meth"	INTEGER DEFAULT 0,
	"fent"	INTEGER DEFAULT 0,
	"zaza"	INTEGER DEFAULT 0,
	"tobacco"	INTEGER DEFAULT 0,
	"pcp"	INTEGER DEFAULT 0,
	"paper"	INTEGER DEFAULT 0,
	"lighter"	INTEGER DEFAULT 0,
	"joint"	INTEGER DEFAULT 0,
	PRIMARY KEY("id"),
	FOREIGN KEY("owner_type") REFERENCES "drug_owner_type"("id")
);
CREATE TABLE IF NOT EXISTS "users" (
	"id"	INTEGER,
	"nickname"	TEXT NOT NULL,
	"pwdhash"	TEXT NOT NULL,
	"salt"	TEXT NOT NULL,
	"cash"	INTEGER NOT NULL,
	"bank"	INTEGER NOT NULL,
	"adminlvl"	INTEGER NOT NULL,
	"wanted"	INTEGER NOT NULL DEFAULT 0,
	"team"	INTEGER NOT NULL,
	"class"	INTEGER NOT NULL,
	"health"	INTEGER NOT NULL,
	"armour"	INTEGER NOT NULL,
	"spawn"	INTEGER NOT NULL,
	"properties"	TEXT,
	PRIMARY KEY("id" AUTOINCREMENT)
);
CREATE TABLE IF NOT EXISTS "truck_type" (
	"id"	INTEGER NOT NULL,
	"name"	TEXT,
	PRIMARY KEY("id")
);
INSERT INTO truck_type VALUES(0,NULL);
INSERT INTO truck_type VALUES(1,'FREIGHT');
INSERT INTO truck_type VALUES(2,'GAS');
CREATE TABLE IF NOT EXISTS "trucking_coord_types" (
	"id"	INTEGER NOT NULL UNIQUE,
	"name"	TEXT
);
INSERT INTO trucking_coord_types VALUES(0,NULL);
INSERT INTO trucking_coord_types VALUES(1,'DESTINATION_CHECKPOINT');
INSERT INTO trucking_coord_types VALUES(2,'INFO_PICKUP');
INSERT INTO trucking_coord_types VALUES(3,'JOB_PICKUP');
INSERT INTO trucking_coord_types VALUES(4,'TRUCK_CAB');
INSERT INTO trucking_coord_types VALUES(5,'TRUCK_TRAIL_FREIGHT');
INSERT INTO trucking_coord_types VALUES(6,'TRUCK_TRAIL_GAS');
CREATE TABLE IF NOT EXISTS "trucking_coords" (
	"id"	INTEGER NOT NULL,
	"type"	INTEGER NOT NULL,
	"x"	REAL NOT NULL,
	"y"	REAL NOT NULL,
	"z"	REAL NOT NULL,
	"rot"	REAL NOT NULL,
	"trucking_id"	INTEGER NOT NULL DEFAULT 0,
	PRIMARY KEY("id"),
	FOREIGN KEY("trucking_id") REFERENCES "trucking_points"("id"),
	FOREIGN KEY("type") REFERENCES "trucking_coord_types"("id")
);
INSERT INTO trucking_coords VALUES(1,4,-1660.25,447.9399999999999978,7.169999999999999929,218.3499999999999944,1);
INSERT INTO trucking_coords VALUES(2,6,-1663.3599999999999,443.2200000000000273,7.169999999999999929,222.7100000000000079,1);
INSERT INTO trucking_coords VALUES(3,1,-1698.470000000000027,388.4800000000000181,6.950000000000000177,0.0,1);
INSERT INTO trucking_coords VALUES(4,2,-1675.40000000000009,431.0699999999999932,7.169999999999999929,0.0,1);
INSERT INTO trucking_coords VALUES(5,4,-2426.2199999999998,992.82000000000005,45.28999999999999915,268.6499999999999773,2);
INSERT INTO trucking_coords VALUES(6,1,-2425.929999999999837,953.639999999999987,45.28999999999999915,0.0,2);
INSERT INTO trucking_coords VALUES(7,2,-2417.909999999999855,970.110000000000013,45.28999999999999915,0.0,2);
INSERT INTO trucking_coords VALUES(8,1,-2246.760000000000219,-2566.420000000000072,31.9200000000000017,0.0,3);
INSERT INTO trucking_coords VALUES(9,2,-2232.590000000000146,-2556.909999999999855,31.9200000000000017,0.0,3);
INSERT INTO trucking_coords VALUES(10,4,-1544.8900000000001,-2744.329999999999928,48.53000000000000113,166.8600000000000137,4);
INSERT INTO trucking_coords VALUES(11,6,-1526.3599999999999,-2754.760000000000218,48.53000000000000113,171.6200000000000045,4);
INSERT INTO trucking_coords VALUES(12,5,-1530.960000000000036,-2750.670000000000072,48.53000000000000113,172.4099999999999966,4);
INSERT INTO trucking_coords VALUES(13,1,-1631.170000000000072,-2702.5300000000002,48.31000000000000227,0.0,4);
INSERT INTO trucking_coords VALUES(14,2,-1624.210000000000036,-2694.2199999999998,48.74000000000000198,0.0,4);
INSERT INTO trucking_coords VALUES(15,6,-40.49000000000000198,-1153.720000000000027,1.070000000000000062,342.0,5);
INSERT INTO trucking_coords VALUES(16,5,-43.61999999999999745,-1151.720000000000027,1.070000000000000062,340.8100000000000022,5);
INSERT INTO trucking_coords VALUES(17,5,-48.28000000000000113,-1149.0,1.070000000000000062,345.1700000000000159,5);
INSERT INTO trucking_coords VALUES(18,6,-76.76999999999999603,-1108.759999999999991,1.070000000000000062,170.1299999999999955,5);
INSERT INTO trucking_coords VALUES(19,4,-61.57000000000000028,-1142.700000000000045,1.070000000000000062,342.0,5);
INSERT INTO trucking_coords VALUES(20,1,-82.76999999999999603,-1152.640000000000101,1.75,0.0,5);
INSERT INTO trucking_coords VALUES(21,2,-79.60999999999999944,-1168.690000000000054,2.169999999999999929,0.0,5);
INSERT INTO trucking_coords VALUES(22,6,1406.059999999999946,458.4700000000000273,20.21000000000000085,156.3600000000000137,6);
INSERT INTO trucking_coords VALUES(23,4,1354.0,477.7799999999999728,20.19000000000000127,159.5399999999999921,6);
INSERT INTO trucking_coords VALUES(24,1,1358.119999999999891,473.1899999999999978,19.91000000000000014,0.0,6);
INSERT INTO trucking_coords VALUES(25,2,1374.049999999999955,467.0199999999999819,20.14999999999999857,0.0,6);
INSERT INTO trucking_coords VALUES(26,6,586.4500000000000454,1643.059999999999946,6.990000000000000213,66.43000000000000683,7);
INSERT INTO trucking_coords VALUES(27,6,590.4400000000000546,1646.509999999999991,6.990000000000000213,64.43999999999999773,7);
INSERT INTO trucking_coords VALUES(28,6,596.4700000000000272,1648.789999999999964,6.990000000000000213,65.64000000000000056,7);
INSERT INTO trucking_coords VALUES(29,5,-1295.950000000000045,2711.369999999999891,50.06000000000000227,190.0900000000000034,8);
INSERT INTO trucking_coords VALUES(30,6,-1304.1400000000001,2708.320000000000163,50.06000000000000227,185.7299999999999898,8);
INSERT INTO trucking_coords VALUES(31,1,-1318.549999999999955,2681.670000000000072,50.06000000000000227,0.0,8);
INSERT INTO trucking_coords VALUES(32,2,-1319.579999999999928,2697.7199999999998,50.25999999999999802,0.0,8);
INSERT INTO trucking_coords VALUES(33,4,-1307.75,2704.179999999999837,50.06000000000000227,187.7199999999999989,8);
INSERT INTO trucking_coords VALUES(34,4,614.25,1661.789999999999964,6.990000000000000213,62.40999999999999659,7);
INSERT INTO trucking_coords VALUES(35,1,628.9099999999999682,1693.130000000000109,6.990000000000000213,0.0,7);
INSERT INTO trucking_coords VALUES(36,2,637.8500000000000227,1685.130000000000109,6.990000000000000213,0.0,7);
INSERT INTO trucking_coords VALUES(37,6,2188.780000000000201,2500.730000000000018,10.82000000000000028,181.2299999999999898,9);
INSERT INTO trucking_coords VALUES(38,4,2195.269999999999982,2501.380000000000109,10.82000000000000028,179.240000000000009,9);
INSERT INTO trucking_coords VALUES(39,1,2202.519999999999982,2474.550000000000181,10.82000000000000028,0.0,9);
INSERT INTO trucking_coords VALUES(40,2,2188.429999999999836,2470.119999999999891,11.24000000000000021,0.0,9);
INSERT INTO trucking_coords VALUES(41,6,2626.329999999999928,1133.700000000000045,10.82000000000000028,177.8600000000000137,10);
INSERT INTO trucking_coords VALUES(42,6,2622.34999999999991,1133.269999999999982,10.82000000000000028,180.2299999999999898,10);
INSERT INTO trucking_coords VALUES(43,4,2648.65000000000009,1083.950000000000045,10.82000000000000028,83.78000000000000113,10);
INSERT INTO trucking_coords VALUES(44,1,2634.09999999999991,1087.970000000000027,10.82000000000000028,0.0,10);
INSERT INTO trucking_coords VALUES(45,2,2637.119999999999891,1127.549999999999955,11.16999999999999993,0.0,10);
INSERT INTO trucking_coords VALUES(46,4,2105.539999999999964,942.379999999999996,10.82000000000000028,266.0699999999999932,11);
INSERT INTO trucking_coords VALUES(47,6,2128.289999999999964,893.1699999999999591,10.82000000000000028,356.9599999999999796,11);
INSERT INTO trucking_coords VALUES(48,1,2122.139999999999873,938.279999999999973,10.82000000000000028,0.0,11);
INSERT INTO trucking_coords VALUES(49,2,2117.300000000000182,898.1499999999999773,11.16999999999999993,0.0,11);
INSERT INTO trucking_coords VALUES(50,1,1609.1099999999999,2199.630000000000109,10.82000000000000028,0.0,12);
INSERT INTO trucking_coords VALUES(51,2,1600.65000000000009,2220.719999999999799,11.06000000000000049,0.0,12);
INSERT INTO trucking_coords VALUES(52,4,-1479.819999999999937,1879.069999999999937,32.63000000000000255,184.3100000000000022,13);
INSERT INTO trucking_coords VALUES(53,1,-1471.829999999999928,1864.240000000000009,32.63000000000000255,0.0,13);
INSERT INTO trucking_coords VALUES(54,2,-1466.059999999999946,1872.6099999999999,32.63000000000000255,0.0,13);
INSERT INTO trucking_coords VALUES(55,6,665.67999999999995,-546.0900000000000318,16.32999999999999829,84.20000000000000284,14);
INSERT INTO trucking_coords VALUES(56,4,665.0800000000000409,-580.6399999999999864,16.32999999999999829,87.37999999999999546,14);
INSERT INTO trucking_coords VALUES(57,1,651.009999999999991,-564.32000000000005,16.30999999999999873,0.0,14);
INSERT INTO trucking_coords VALUES(58,2,660.1299999999999955,-572.7899999999999637,16.32999999999999829,0.0,14);
INSERT INTO trucking_coords VALUES(59,4,-746.0,2753.429999999999837,47.24000000000000198,183.4600000000000079,15);
INSERT INTO trucking_coords VALUES(60,6,-742.3799999999999955,2752.820000000000163,47.22999999999999688,180.6800000000000068,15);
INSERT INTO trucking_coords VALUES(61,1,-736.5199999999999819,2741.2800000000002,47.21999999999999887,0.0,15);
INSERT INTO trucking_coords VALUES(62,2,-736.3099999999999454,2746.5,47.21999999999999887,0.0,15);
INSERT INTO trucking_coords VALUES(63,4,985.210000000000036,-914.6399999999999864,42.1700000000000017,179.5399999999999921,16);
INSERT INTO trucking_coords VALUES(64,6,980.710000000000036,-915.07000000000005,41.65999999999999658,179.5399999999999921,16);
INSERT INTO trucking_coords VALUES(65,1,1002.58000000000004,-940.299999999999955,42.1700000000000017,0.0,16);
INSERT INTO trucking_coords VALUES(66,2,999.470000000000027,-919.7999999999999546,42.1700000000000017,0.0,16);
INSERT INTO trucking_coords VALUES(67,6,1922.259999999999991,-1795.420000000000072,13.38000000000000078,273.8299999999999841,17);
INSERT INTO trucking_coords VALUES(68,4,1951.789999999999964,-1774.3900000000001,13.53999999999999915,357.160000000000025,17);
INSERT INTO trucking_coords VALUES(69,1,1944.309999999999946,-1786.730000000000018,13.38000000000000078,0.0,17);
INSERT INTO trucking_coords VALUES(70,2,1929.990000000000009,-1775.980000000000018,13.53999999999999915,0.0,17);
INSERT INTO trucking_coords VALUES(71,6,2107.679999999999836,2738.909999999999855,10.82000000000000028,271.3799999999999955,18);
INSERT INTO trucking_coords VALUES(72,6,2108.019999999999982,2743.159999999999855,10.82000000000000028,271.3799999999999955,18);
INSERT INTO trucking_coords VALUES(73,4,2166.559999999999946,2750.949999999999819,10.82000000000000028,91.18999999999999773,18);
INSERT INTO trucking_coords VALUES(74,4,2166.949999999999818,2744.15000000000009,10.82000000000000028,91.18999999999999773,18);
INSERT INTO trucking_coords VALUES(75,1,2130.789999999999964,2748.269999999999982,10.82000000000000028,0.0,18);
INSERT INTO trucking_coords VALUES(76,2,2150.860000000000127,2734.760000000000218,11.16999999999999993,0.0,18);
INSERT INTO trucking_coords VALUES(77,4,-2034.049999999999955,170.6299999999999955,28.8299999999999983,270.8299999999999841,19);
INSERT INTO trucking_coords VALUES(78,6,-2039.029999999999973,138.8600000000000137,28.83999999999999986,264.1000000000000227,19);
INSERT INTO trucking_coords VALUES(79,1,-2021.759999999999991,156.9399999999999978,28.80999999999999873,0.0,19);
INSERT INTO trucking_coords VALUES(80,2,-2031.990000000000009,161.1299999999999955,29.03999999999999915,0.0,19);
INSERT INTO trucking_coords VALUES(81,6,-1491.829999999999928,1872.210000000000036,32.63000000000000255,183.1500000000000056,13);
CREATE TABLE IF NOT EXISTS "trucking_points" (
	"id"	INTEGER NOT NULL,
	"name"	TEXT,
	"type"	INTEGER NOT NULL,
	PRIMARY KEY("id"),
	FOREIGN KEY("type") REFERENCES "trucking_facility_types"("id")
);
INSERT INTO trucking_points VALUES(0,NULL,0);
INSERT INTO trucking_points VALUES(1,'Xoomer PS San Fierro ID 1',2);
INSERT INTO trucking_points VALUES(2,'Xoomer PS San Fierro ID 2',2);
INSERT INTO trucking_points VALUES(3,'GAS PS Angel Pine ID 3',2);
INSERT INTO trucking_points VALUES(4,'Xoomer PS Highway ID 4',2);
INSERT INTO trucking_points VALUES(5,'Flint County PS ID 5',2);
INSERT INTO trucking_points VALUES(6,'Tosser Montgomery PS ID 6',2);
INSERT INTO trucking_points VALUES(7,'Xoomer Octal Springs PS ID 7',2);
INSERT INTO trucking_points VALUES(8,'Xoomer El Quebrados PS ID 8',2);
INSERT INTO trucking_points VALUES(9,'Xoomer Las Venturas PS ID 9',2);
INSERT INTO trucking_points VALUES(10,'Xoomer Las Venturas PS ID 10',2);
INSERT INTO trucking_points VALUES(11,'Xoomer Las Venturas PS ID 11',2);
INSERT INTO trucking_points VALUES(12,'Xoomer Las Venturas PS ID 12',2);
INSERT INTO trucking_points VALUES(13,'Xoomer El Quebrados PS ID 13',2);
INSERT INTO trucking_points VALUES(14,'Gasso Dillimore PS ID 14',2);
INSERT INTO trucking_points VALUES(15,'GAS Tee Pee Motel PS ID 15',2);
INSERT INTO trucking_points VALUES(16,'LS Unknown PS ID 16',2);
INSERT INTO trucking_points VALUES(17,'Going Los Santos PS ID 17',2);
INSERT INTO trucking_points VALUES(18,'Xoomer Las Venturas PS ID 18',2);
INSERT INTO trucking_points VALUES(19,'Xoomer San Fierro PS ID 19',2);
CREATE TABLE IF NOT EXISTS "trucking_facility_types" (
	"id"	INTEGER,
	"name"	TEXT NOT NULL,
	PRIMARY KEY("id")
);
INSERT INTO trucking_facility_types VALUES(0,'');
INSERT INTO trucking_facility_types VALUES(1,'FREIGHT');
INSERT INTO trucking_facility_types VALUES(2,'GAS_STATION');
CREATE TABLE IF NOT EXISTS "property_coord_types" (
	"id"	INTEGER NOT NULL,
	"name"	TEXT,
	PRIMARY KEY("id")
);
INSERT INTO property_coord_types VALUES(0,'');
INSERT INTO property_coord_types VALUES(1,'SPAWN_POINT');
INSERT INTO property_coord_types VALUES(2,'HEALTH_POINT');
INSERT INTO property_coord_types VALUES(3,'DRUGZ_POINT');
INSERT INTO property_coord_types VALUES(4,'INFO_POINT');
INSERT INTO property_coord_types VALUES(5,'EXIT_POINT');
INSERT INTO property_coord_types VALUES(6,'ENTRANCE_POINT');
INSERT INTO property_coord_types VALUES(7,'VEHICLE_POINT');
INSERT INTO property_coord_types VALUES(8,'OFFER_POINT');
INSERT INTO property_coord_types VALUES(9,'MONEY_POINT');
INSERT INTO property_coord_types VALUES(10,'SHIRT_POINT');
CREATE TABLE IF NOT EXISTS "property_coords" (
	"id"	INTEGER NOT NULL,
	"property_id"	INTEGER NOT NULL,
	"type"	INTEGER,
	"primary_x"	REAL,
	"primary_y"	REAL,
	"primary_z"	REAL,
	"primary_rot"	REAL,
	"secondary_x"	REAL,
	"secondary_y"	REAL,
	"secondary_z"	REAL,
	"secondary_rot"	REAL,
	PRIMARY KEY("id" AUTOINCREMENT),
	FOREIGN KEY("property_id") REFERENCES "properties"("id"),
	FOREIGN KEY("type") REFERENCES "property_coord_types"("id")
);
INSERT INTO property_coords VALUES(1,50202,3,1458.3900000000001,-623.25,70.84000000000000341,0.0,0.0,0.0,0.0,0.0);
INSERT INTO property_coords VALUES(2,50202,2,1461.920000000000072,-612.2799999999999728,70.84999999999999431,0.0,0.0,0.0,0.0,0.0);
INSERT INTO property_coords VALUES(3,50202,5,1450.5,-625.4199999999999591,70.84999999999999431,0.0,1442.490000000000009,-636.6900000000000546,95.6299999999999955,0.0);
INSERT INTO property_coords VALUES(4,50202,6,1442.670000000000072,-630.2899999999999637,95.7099999999999938,0.0,1454.039999999999964,-619.5599999999999454,70.84000000000000341,0.0);
INSERT INTO property_coords VALUES(5,50202,6,1454.549999999999955,-608.6900000000000546,95.7099999999999938,0.0,1463.579999999999928,-620.1499999999999773,70.84999999999999431,0.0);
INSERT INTO property_coords VALUES(6,50202,5,1465.869999999999891,-615.1900000000000546,70.84000000000000341,0.0,1454.230000000000018,-605.5199999999999819,95.7099999999999938,0.0);
INSERT INTO property_coords VALUES(7,50202,10,1448.40000000000009,-623.0299999999999728,70.84000000000000341,0.0,0.0,0.0,0.0,0.0);
INSERT INTO property_coords VALUES(8,50202,7,1460.589999999999919,-634.07000000000005,95.8100000000000022,179.6899999999999978,0.0,0.0,0.0,0.0);
INSERT INTO property_coords VALUES(9,50202,8,1438.420000000000072,-640.1299999999999955,95.6599999999999966,0.0,0.0,0.0,0.0,0.0);
INSERT INTO property_coords VALUES(10,50202,1,1442.490000000000009,-636.6900000000000546,95.6299999999999955,0.0,0.0,0.0,0.0,0.0);
INSERT INTO property_coords VALUES(12,50201,2,1490.380000000000109,-667.2999999999999546,88.20999999999999374,0.0,0.0,0.0,0.0,0.0);
INSERT INTO property_coords VALUES(13,50201,5,1498.130000000000109,-682.3400000000000318,86.75,0.0,1496.230000000000018,-692.6900000000000546,94.75,0.0);
INSERT INTO property_coords VALUES(14,50201,7,1515.990000000000009,-694.3400000000000318,94.75,89.6700000000000017,0.0,0.0,0.0,0.0);
INSERT INTO property_coords VALUES(16,10101,8,-2685.809999999999946,201.3300000000000125,4.320000000000000285,0.0,NULL,NULL,NULL,NULL);
INSERT INTO property_coords VALUES(17,10102,8,-2679.590000000000145,206.9099999999999966,4.339999999999999858,0.0,NULL,NULL,NULL,NULL);
INSERT INTO property_coords VALUES(18,10103,8,-2670.369999999999891,206.3199999999999932,4.320000000000000285,0.0,NULL,NULL,NULL,NULL);
INSERT INTO property_coords VALUES(19,10104,8,-2659.389999999999873,204.5600000000000022,4.330000000000000071,0.0,NULL,NULL,NULL,NULL);
INSERT INTO property_coords VALUES(20,10105,8,-2652.309999999999946,206.1899999999999978,4.330000000000000071,0.0,NULL,NULL,NULL,NULL);
INSERT INTO property_coords VALUES(21,10201,8,-2803.619999999999891,-127.6599999999999966,6.839999999999999858,0.0,NULL,NULL,NULL,NULL);
INSERT INTO property_coords VALUES(22,10202,8,-2797.340000000000145,-133.1599999999999966,7.19000000000000039,0.0,NULL,NULL,NULL,NULL);
INSERT INTO property_coords VALUES(23,10203,8,-2797.369999999999891,-143.9099999999999966,7.169999999999999929,0.0,NULL,NULL,NULL,NULL);
INSERT INTO property_coords VALUES(24,20101,8,-1469.0,2686.619999999999891,55.8299999999999983,0.0,NULL,NULL,NULL,NULL);
INSERT INTO property_coords VALUES(25,20102,8,-1482.180000000000063,2698.369999999999891,55.8299999999999983,0.0,NULL,NULL,NULL,NULL);
INSERT INTO property_coords VALUES(26,20103,8,-1495.680000000000063,2684.34999999999991,55.84000000000000341,0.0,NULL,NULL,NULL,NULL);
INSERT INTO property_coords VALUES(27,20104,8,-1554.930000000000063,2692.75,55.84000000000000341,0.0,NULL,NULL,NULL,NULL);
INSERT INTO property_coords VALUES(28,20105,8,-1600.430000000000063,2679.119999999999891,55.09000000000000341,0.0,NULL,NULL,NULL,NULL);
INSERT INTO property_coords VALUES(29,20106,8,-1662.920000000000072,2599.590000000000145,81.3299999999999983,0.0,NULL,NULL,NULL,NULL);
INSERT INTO property_coords VALUES(30,20107,8,-1663.119999999999891,2490.380000000000109,87.04999999999999716,0.0,NULL,NULL,NULL,NULL);
INSERT INTO property_coords VALUES(31,20201,8,-87.79999999999999716,973.940000000000054,19.87000000000000099,0.0,NULL,NULL,NULL,NULL);
INSERT INTO property_coords VALUES(32,20202,8,-32.71999999999999887,970.779999999999973,19.69999999999999929,0.0,NULL,NULL,NULL,NULL);
INSERT INTO property_coords VALUES(33,20203,8,13.22000000000000063,968.460000000000036,19.78999999999999915,0.0,NULL,NULL,NULL,NULL);
INSERT INTO property_coords VALUES(34,20301,8,-175.5800000000000125,2707.260000000000218,62.64000000000000056,0.0,NULL,NULL,NULL,NULL);
INSERT INTO property_coords VALUES(35,20302,8,-150.5399999999999921,2690.800000000000181,62.10000000000000142,0.0,NULL,NULL,NULL,NULL);
INSERT INTO property_coords VALUES(36,20303,8,-157.8000000000000113,2722.869999999999891,62.20000000000000284,0.0,NULL,NULL,NULL,NULL);
INSERT INTO property_coords VALUES(37,20304,8,-204.3799999999999955,2770.65000000000009,62.42999999999999972,0.0,NULL,NULL,NULL,NULL);
INSERT INTO property_coords VALUES(38,20305,8,-217.1699999999999875,2761.980000000000018,62.67999999999999972,0.0,NULL,NULL,NULL,NULL);
INSERT INTO property_coords VALUES(39,20306,8,-261.0799999999999841,2778.510000000000218,62.36999999999999745,0.0,NULL,NULL,NULL,NULL);
INSERT INTO property_coords VALUES(40,20307,8,-234.3400000000000034,2811.949999999999819,61.79999999999999716,0.0,NULL,NULL,NULL,NULL);
INSERT INTO property_coords VALUES(41,20308,8,-272.9800000000000181,2724.639999999999873,62.5799999999999983,0.0,NULL,NULL,NULL,NULL);
INSERT INTO property_coords VALUES(42,20309,8,-268.5699999999999932,2733.210000000000036,62.63000000000000255,0.0,NULL,NULL,NULL,NULL);
INSERT INTO property_coords VALUES(43,20310,8,-281.1800000000000068,2758.059999999999946,62.28999999999999915,0.0,NULL,NULL,NULL,NULL);
INSERT INTO property_coords VALUES(44,20311,8,-307.2099999999999796,2722.230000000000018,62.61999999999999745,0.0,NULL,NULL,NULL,NULL);
INSERT INTO property_coords VALUES(45,20401,8,772.4600000000000363,2005.269999999999982,5.660000000000000142,0.0,NULL,NULL,NULL,NULL);
INSERT INTO property_coords VALUES(46,20402,8,789.2699999999999819,1990.720000000000027,5.389999999999999681,0.0,NULL,NULL,NULL,NULL);
INSERT INTO property_coords VALUES(47,20403,8,784.8099999999999454,1977.619999999999891,5.330000000000000071,0.0,NULL,NULL,NULL,NULL);
INSERT INTO property_coords VALUES(48,20501,8,-816.5299999999999728,1602.1400000000001,27.10999999999999944,0.0,NULL,NULL,NULL,NULL);
INSERT INTO property_coords VALUES(49,20502,8,-827.5399999999999637,1609.079999999999928,27.10999999999999944,0.0,NULL,NULL,NULL,NULL);
INSERT INTO property_coords VALUES(50,20503,8,-902.6200000000000045,1514.799999999999955,25.82000000000000028,0.0,NULL,NULL,NULL,NULL);
INSERT INTO property_coords VALUES(51,40101,8,865.6499999999999773,-28.19999999999999929,63.17999999999999972,0.0,NULL,NULL,NULL,NULL);
INSERT INTO property_coords VALUES(52,40201,8,766.6499999999999773,-546.0299999999999728,16.78999999999999915,0.0,NULL,NULL,NULL,NULL);
INSERT INTO property_coords VALUES(53,40202,8,744.0299999999999728,-545.759999999999991,16.76999999999999958,0.0,NULL,NULL,NULL,NULL);
INSERT INTO property_coords VALUES(54,40203,8,735.8999999999999773,-588.9600000000000363,16.69999999999999929,0.0,NULL,NULL,NULL,NULL);
INSERT INTO property_coords VALUES(55,40301,8,244.0699999999999932,-24.03000000000000113,1.570000000000000062,0.0,NULL,NULL,NULL,NULL);
INSERT INTO property_coords VALUES(56,40302,8,260.5400000000000204,-272.009999999999991,1.120000000000000107,0.0,NULL,NULL,NULL,NULL);
INSERT INTO property_coords VALUES(57,40303,8,262.5699999999999932,-286.8500000000000227,1.120000000000000107,0.0,NULL,NULL,NULL,NULL);
INSERT INTO property_coords VALUES(58,40304,8,257.009999999999991,-300.6700000000000159,1.120000000000000107,0.0,NULL,NULL,NULL,NULL);
INSERT INTO property_coords VALUES(59,40401,8,2546.619999999999891,-2.18000000000000016,26.51000000000000156,0.0,NULL,NULL,NULL,NULL);
INSERT INTO property_coords VALUES(60,40501,8,-2064.059999999999946,-2505.519999999999982,30.69999999999999929,0.0,NULL,NULL,NULL,NULL);
INSERT INTO property_coords VALUES(61,40601,8,755.2100000000000363,378.6700000000000159,23.1700000000000017,0.0,NULL,NULL,NULL,NULL);
INSERT INTO property_coords VALUES(62,40602,8,800.3799999999999955,360.8500000000000227,19.37000000000000099,0.0,NULL,NULL,NULL,NULL);
INSERT INTO property_coords VALUES(63,40603,8,767.57000000000005,346.759999999999991,19.94999999999999929,0.0,NULL,NULL,NULL,NULL);
INSERT INTO property_coords VALUES(64,40604,8,751.3400000000000318,270.7300000000000181,27.12000000000000099,0.0,NULL,NULL,NULL,NULL);
INSERT INTO property_coords VALUES(65,40605,8,752.7100000000000363,261.8899999999999864,27.03999999999999915,0.0,NULL,NULL,NULL,NULL);
INSERT INTO property_coords VALUES(66,40701,8,1102.480000000000018,-301.5199999999999819,73.98999999999999489,0.0,NULL,NULL,NULL,NULL);
INSERT INTO property_coords VALUES(67,50101,8,2438.380000000000109,-1051.960000000000036,54.3299999999999983,0.0,NULL,NULL,NULL,NULL);
INSERT INTO property_coords VALUES(68,50201,8,1500.829999999999928,-692.4099999999999682,94.75,0.0,NULL,NULL,NULL,NULL);
INSERT INTO property_coords VALUES(70,10101,7,-2691.869999999999891,204.5200000000000102,3.990000000000000213,0.1499999999999999945,NULL,NULL,NULL,NULL);
INSERT INTO property_coords VALUES(71,10102,7,-2675.539999999999964,204.6299999999999955,5.589999999999999858,354.7900000000000204,NULL,NULL,NULL,NULL);
INSERT INTO property_coords VALUES(72,10103,7,-2666.869999999999891,204.6100000000000137,4.320000000000000285,354.7900000000000204,NULL,NULL,NULL,NULL);
INSERT INTO property_coords VALUES(73,10104,7,-2663.25,204.6899999999999978,4.330000000000000071,0.02999999999999999889,NULL,NULL,NULL,NULL);
INSERT INTO property_coords VALUES(74,10105,7,-2648.300000000000181,204.4300000000000068,4.330000000000000071,356.8600000000000136,NULL,NULL,NULL,NULL);
INSERT INTO property_coords VALUES(75,10201,7,-2796.539999999999964,-120.9099999999999966,7.0,90.51000000000000511,NULL,NULL,NULL,NULL);
INSERT INTO property_coords VALUES(76,10202,7,-2795.869999999999891,-136.9399999999999978,7.19000000000000039,87.26000000000000511,NULL,NULL,NULL,NULL);
INSERT INTO property_coords VALUES(77,10203,7,-2796.119999999999891,-149.6299999999999955,7.169999999999999929,86.43999999999999773,NULL,NULL,NULL,NULL);
INSERT INTO property_coords VALUES(78,20101,7,-1470.549999999999955,2692.820000000000163,55.8299999999999983,179.9099999999999966,NULL,NULL,NULL,NULL);
INSERT INTO property_coords VALUES(79,20102,7,-1486.309999999999946,2697.119999999999891,55.8299999999999983,183.6899999999999978,NULL,NULL,NULL,NULL);
INSERT INTO property_coords VALUES(80,20103,7,-1502.559999999999946,2689.869999999999891,55.8299999999999983,179.6899999999999978,NULL,NULL,NULL,NULL);
INSERT INTO property_coords VALUES(81,20104,7,-1555.549999999999955,2700.869999999999891,55.8299999999999983,175.0999999999999944,NULL,NULL,NULL,NULL);
INSERT INTO property_coords VALUES(82,20105,7,-1597.809999999999946,2696.619999999999891,55.06000000000000227,180.8799999999999955,NULL,NULL,NULL,NULL);
INSERT INTO property_coords VALUES(83,20106,7,-1671.730000000000018,2602.590000000000145,80.95999999999999374,180.9000000000000056,NULL,NULL,NULL,NULL);
INSERT INTO property_coords VALUES(84,20107,7,-1670.509999999999991,2494.889999999999873,86.76999999999999603,271.1499999999999773,NULL,NULL,NULL,NULL);
INSERT INTO property_coords VALUES(85,20201,7,-95.8700000000000045,976.139999999999987,19.78999999999999915,270.9499999999999887,NULL,NULL,NULL,NULL);
INSERT INTO property_coords VALUES(86,20202,7,-32.64999999999999858,961.779999999999973,19.62000000000000099,356.5699999999999932,NULL,NULL,NULL,NULL);
INSERT INTO property_coords VALUES(87,20203,7,23.60000000000000142,974.190000000000054,19.62000000000000099,85.87000000000000454,NULL,NULL,NULL,NULL);
INSERT INTO property_coords VALUES(88,20301,7,-164.5399999999999921,2699.360000000000127,62.38000000000000255,91.43000000000000683,NULL,NULL,NULL,NULL);
INSERT INTO property_coords VALUES(89,20302,7,-156.8899999999999863,2683.880000000000109,62.4200000000000017,2.979999999999999983,NULL,NULL,NULL,NULL);
INSERT INTO property_coords VALUES(90,20303,7,-165.0800000000000125,2724.170000000000072,62.38000000000000255,269.4599999999999796,NULL,NULL,NULL,NULL);
INSERT INTO property_coords VALUES(91,20304,7,-187.9799999999999898,2770.40000000000009,61.95000000000000284,185.3100000000000022,NULL,NULL,NULL,NULL);
INSERT INTO property_coords VALUES(92,20305,7,-222.9099999999999966,2770.579999999999928,62.67999999999999972,177.9399999999999978,NULL,NULL,NULL,NULL);
INSERT INTO property_coords VALUES(93,20306,7,-268.3899999999999864,2788.139999999999873,62.67999999999999972,174.1299999999999955,NULL,NULL,NULL,NULL);
INSERT INTO property_coords VALUES(94,20307,7,-228.0699999999999932,2818.309999999999946,62.28000000000000113,89.54000000000000626,NULL,NULL,NULL,NULL);
INSERT INTO property_coords VALUES(95,20308,7,-275.9700000000000273,2719.550000000000181,62.60999999999999944,181.3300000000000125,NULL,NULL,NULL,NULL);
INSERT INTO property_coords VALUES(96,20309,7,-283.5400000000000204,2739.2800000000002,62.1700000000000017,172.6699999999999875,NULL,NULL,NULL,NULL);
INSERT INTO property_coords VALUES(97,20310,7,-289.6800000000000068,2767.070000000000163,62.06000000000000227,276.1200000000000045,NULL,NULL,NULL,NULL);
INSERT INTO property_coords VALUES(98,20311,7,-313.9300000000000068,2730.670000000000072,62.67999999999999972,272.8299999999999841,NULL,NULL,NULL,NULL);
INSERT INTO property_coords VALUES(99,20401,7,766.8400000000000318,2002.90000000000009,5.629999999999999894,258.5,NULL,NULL,NULL,NULL);
INSERT INTO property_coords VALUES(100,20402,7,790.1000000000000227,1999.690000000000054,5.530000000000000248,127.7300000000000039,NULL,NULL,NULL,NULL);
INSERT INTO property_coords VALUES(101,20403,7,782.3099999999999454,1968.869999999999891,5.330000000000000071,20.39999999999999857,NULL,NULL,NULL,NULL);
INSERT INTO property_coords VALUES(102,20501,7,-822.7200000000000272,1598.920000000000072,27.10999999999999944,272.8799999999999955,NULL,NULL,NULL,NULL);
INSERT INTO property_coords VALUES(103,20502,7,-837.1499999999999773,1602.690000000000054,27.10000000000000142,6.169999999999999929,NULL,NULL,NULL,NULL);
INSERT INTO property_coords VALUES(104,20503,7,-909.0399999999999637,1506.079999999999928,25.83999999999999986,271.2300000000000181,NULL,NULL,NULL,NULL);
INSERT INTO property_coords VALUES(105,40101,7,857.759999999999991,-22.78000000000000113,63.28999999999999915,157.0500000000000113,NULL,NULL,NULL,NULL);
INSERT INTO property_coords VALUES(106,40201,7,771.7799999999999728,-549.2699999999999819,17.03999999999999915,355.1000000000000227,NULL,NULL,NULL,NULL);
INSERT INTO property_coords VALUES(107,40202,7,750.6499999999999773,-550.7000000000000454,17.12000000000000099,2.229999999999999983,NULL,NULL,NULL,NULL);
INSERT INTO property_coords VALUES(108,40203,7,749.259999999999991,-581.9600000000000363,17.19999999999999929,85.18999999999999773,NULL,NULL,NULL,NULL);
INSERT INTO property_coords VALUES(109,40301,7,247.0,-15.67999999999999972,3.0,269.759999999999991,NULL,NULL,NULL,NULL);
INSERT INTO property_coords VALUES(110,40302,7,265.7300000000000181,-273.8500000000000227,1.120000000000000107,310.6299999999999955,NULL,NULL,NULL,NULL);
INSERT INTO property_coords VALUES(111,40303,7,266.3199999999999932,-279.1399999999999864,1.120000000000000107,273.509999999999991,NULL,NULL,NULL,NULL);
INSERT INTO property_coords VALUES(112,40304,7,264.6999999999999887,-296.5699999999999932,1.120000000000000107,256.7200000000000273,NULL,NULL,NULL,NULL);
INSERT INTO property_coords VALUES(113,40401,7,2549.119999999999891,2.0,24.5,272.9499999999999887,NULL,NULL,NULL,NULL);
INSERT INTO property_coords VALUES(114,40501,7,-2063.369999999999891,-2500.820000000000163,31.94999999999999929,321.8899999999999864,NULL,NULL,NULL,NULL);
INSERT INTO property_coords VALUES(115,40601,7,745.1499999999999773,374.009999999999991,23.19999999999999929,20.12000000000000099,NULL,NULL,NULL,NULL);
INSERT INTO property_coords VALUES(116,40602,7,509.6999999999999887,363.259999999999991,19.33999999999999986,90.40999999999999659,NULL,NULL,NULL,NULL);
INSERT INTO property_coords VALUES(117,40603,7,778.7100000000000363,351.009999999999991,19.62000000000000099,14.66999999999999993,NULL,NULL,NULL,NULL);
INSERT INTO property_coords VALUES(118,40604,7,754.2799999999999728,278.5,27.51000000000000156,191.5200000000000102,NULL,NULL,NULL,NULL);
INSERT INTO property_coords VALUES(119,40605,7,739.7100000000000363,250.6599999999999966,27.19999999999999929,15.21000000000000085,NULL,NULL,NULL,NULL);
INSERT INTO property_coords VALUES(120,40701,7,1098.930000000000063,-299.1000000000000227,73.98999999999999489,140.4799999999999898,NULL,NULL,NULL,NULL);
INSERT INTO property_coords VALUES(121,50101,7,2432.090000000000145,-1053.519999999999982,54.34000000000000341,0.0,NULL,NULL,NULL,NULL);
INSERT INTO property_coords VALUES(122,50201,7,1515.990000000000009,-694.3400000000000318,94.75,89.6700000000000017,NULL,NULL,NULL,NULL);
INSERT INTO property_coords VALUES(176,10101,6,-2688.619999999999891,198.5,7.150000000000000355,0.0,NULL,NULL,NULL,NULL);
INSERT INTO property_coords VALUES(177,10102,6,-2678.619999999999891,200.4600000000000079,7.19000000000000039,0.0,NULL,NULL,NULL,NULL);
INSERT INTO property_coords VALUES(178,10103,6,-2672.25,201.0,5.0,0.0,NULL,NULL,NULL,NULL);
INSERT INTO property_coords VALUES(179,10104,6,-2660.519999999999982,200.4799999999999898,7.19000000000000039,0.0,NULL,NULL,NULL,NULL);
INSERT INTO property_coords VALUES(180,10105,6,-2654.110000000000127,200.9300000000000068,5.0,0.0,NULL,NULL,NULL,NULL);
INSERT INTO property_coords VALUES(181,10201,6,-2794.019999999999982,-127.0799999999999983,7.169999999999999929,0.0,NULL,NULL,NULL,NULL);
INSERT INTO property_coords VALUES(182,10202,6,-2791.869999999999891,-134.0200000000000102,10.05000000000000072,0.0,NULL,NULL,NULL,NULL);
INSERT INTO property_coords VALUES(183,10203,6,-2791.869999999999891,-145.9099999999999966,7.839999999999999858,0.0,NULL,NULL,NULL,NULL);
INSERT INTO property_coords VALUES(184,20101,6,-1466.180000000000063,2693.309999999999946,56.25,0.0,NULL,NULL,NULL,NULL);
INSERT INTO property_coords VALUES(185,20102,6,-1482.559999999999946,2702.119999999999891,56.25,0.0,NULL,NULL,NULL,NULL);
INSERT INTO property_coords VALUES(186,20103,6,-1491.3900000000001,2685.0300000000002,55.84000000000000341,0.0,NULL,NULL,NULL,NULL);
INSERT INTO property_coords VALUES(187,20104,6,-1550.509999999999991,2699.869999999999891,56.25,0.0,NULL,NULL,NULL,NULL);
INSERT INTO property_coords VALUES(188,20105,6,-1603.430000000000063,2689.369999999999891,55.27000000000000312,0.0,NULL,NULL,NULL,NULL);
INSERT INTO property_coords VALUES(189,20106,6,-1669.579999999999928,2598.389999999999873,81.43999999999999773,0.0,NULL,NULL,NULL,NULL);
INSERT INTO property_coords VALUES(190,20107,6,-1667.09999999999991,2486.300000000000181,87.15999999999999659,0.0,NULL,NULL,NULL,NULL);
INSERT INTO property_coords VALUES(191,20201,6,-92.6200000000000045,970.899999999999978,19.94999999999999929,0.0,NULL,NULL,NULL,NULL);
INSERT INTO property_coords VALUES(192,20202,6,-37.64999999999999858,961.779999999999973,19.62000000000000099,0.0,NULL,NULL,NULL,NULL);
INSERT INTO property_coords VALUES(193,20203,6,22.85999999999999944,968.75,19.78999999999999915,0.0,NULL,NULL,NULL,NULL);
INSERT INTO property_coords VALUES(194,20301,6,-170.3100000000000022,2707.230000000000018,62.52000000000000312,0.0,NULL,NULL,NULL,NULL);
INSERT INTO property_coords VALUES(195,20302,6,-150.1100000000000137,2688.960000000000036,62.4200000000000017,0.0,NULL,NULL,NULL,NULL);
INSERT INTO property_coords VALUES(196,20303,6,-160.8199999999999932,2727.539999999999964,62.17999999999999972,0.0,NULL,NULL,NULL,NULL);
INSERT INTO property_coords VALUES(197,20304,6,-201.7100000000000079,2772.159999999999855,62.20000000000000284,0.0,NULL,NULL,NULL,NULL);
INSERT INTO property_coords VALUES(198,20305,6,-219.6699999999999875,2766.880000000000109,62.67999999999999972,0.0,NULL,NULL,NULL,NULL);
INSERT INTO property_coords VALUES(199,20306,6,-257.9499999999999887,2782.179999999999837,62.67999999999999972,0.0,NULL,NULL,NULL,NULL);
INSERT INTO property_coords VALUES(200,20307,6,-232.8000000000000113,2807.559999999999946,62.04999999999999716,0.0,NULL,NULL,NULL,NULL);
INSERT INTO property_coords VALUES(201,20308,6,-279.1999999999999887,2722.829999999999928,62.47999999999999688,0.0,NULL,NULL,NULL,NULL);
INSERT INTO property_coords VALUES(202,20309,6,-275.4700000000000273,2736.09999999999991,62.75,0.0,NULL,NULL,NULL,NULL);
INSERT INTO property_coords VALUES(203,20310,6,-287.1999999999999887,2757.889999999999873,62.50999999999999802,0.0,NULL,NULL,NULL,NULL);
INSERT INTO property_coords VALUES(204,20311,6,-310.6999999999999887,2726.559999999999946,62.67999999999999972,0.0,NULL,NULL,NULL,NULL);
INSERT INTO property_coords VALUES(205,20401,6,767.6399999999999864,2007.019999999999982,6.05999999999999961,0.0,NULL,NULL,NULL,NULL);
INSERT INTO property_coords VALUES(206,20402,6,792.8899999999999864,1991.450000000000045,5.790000000000000035,0.0,NULL,NULL,NULL,NULL);
INSERT INTO property_coords VALUES(207,20403,6,789.9199999999999591,1974.65000000000009,5.730000000000000426,0.0,NULL,NULL,NULL,NULL);
INSERT INTO property_coords VALUES(208,20501,6,-820.8799999999999955,1602.869999999999891,27.12000000000000099,0.0,NULL,NULL,NULL,NULL);
INSERT INTO property_coords VALUES(209,20502,6,-828.4400000000000546,1604.259999999999991,27.10999999999999944,0.0,NULL,NULL,NULL,NULL);
INSERT INTO property_coords VALUES(210,20503,6,-905.9500000000000454,1514.509999999999991,26.30999999999999873,0.0,NULL,NULL,NULL,NULL);
INSERT INTO property_coords VALUES(211,40101,6,870.0900000000000318,-25.58999999999999986,63.92999999999999972,0.0,NULL,NULL,NULL,NULL);
INSERT INTO property_coords VALUES(212,40201,6,766.7000000000000454,-556.3999999999999773,18.01000000000000157,0.0,NULL,NULL,NULL,NULL);
INSERT INTO property_coords VALUES(213,40202,6,745.1299999999999955,-555.7100000000000363,18.01000000000000157,0.0,NULL,NULL,NULL,NULL);
INSERT INTO property_coords VALUES(214,40203,6,744.8799999999999955,-591.1399999999999864,18.01000000000000157,0.0,NULL,NULL,NULL,NULL);
INSERT INTO property_coords VALUES(215,40301,6,248.0699999999999932,-33.21999999999999887,1.570000000000000062,0.0,NULL,NULL,NULL,NULL);
INSERT INTO property_coords VALUES(216,40302,6,261.6999999999999887,-270.0400000000000204,1.120000000000000107,0.0,NULL,NULL,NULL,NULL);
INSERT INTO property_coords VALUES(217,40303,6,264.3500000000000227,-288.0400000000000204,1.120000000000000107,0.0,NULL,NULL,NULL,NULL);
INSERT INTO property_coords VALUES(218,40304,6,260.509999999999991,-302.6000000000000227,1.489999999999999992,0.0,NULL,NULL,NULL,NULL);
INSERT INTO property_coords VALUES(219,40401,6,2550.619999999999891,-5.610000000000000319,27.6700000000000017,0.0,NULL,NULL,NULL,NULL);
INSERT INTO property_coords VALUES(220,40501,6,-2058.320000000000164,-2503.34999999999991,31.03999999999999915,0.0,NULL,NULL,NULL,NULL);
INSERT INTO property_coords VALUES(221,40601,6,758.3999999999999773,375.0400000000000204,23.19000000000000127,0.0,NULL,NULL,NULL,NULL);
INSERT INTO property_coords VALUES(222,40602,6,804.8400000000000318,359.509999999999991,19.76000000000000157,0.0,NULL,NULL,NULL,NULL);
INSERT INTO property_coords VALUES(223,40603,6,771.7799999999999728,347.4499999999999887,20.12000000000000099,0.0,NULL,NULL,NULL,NULL);
INSERT INTO property_coords VALUES(224,40604,6,748.0299999999999728,277.7200000000000273,27.19999999999999929,0.0,NULL,NULL,NULL,NULL);
INSERT INTO property_coords VALUES(225,40605,6,748.3999999999999773,257.8500000000000227,27.03999999999999915,0.0,NULL,NULL,NULL,NULL);
INSERT INTO property_coords VALUES(226,40701,6,1105.779999999999973,-299.6800000000000068,74.53000000000000113,0.0,NULL,NULL,NULL,NULL);
INSERT INTO property_coords VALUES(227,50101,6,2440.610000000000127,-1056.75,54.72999999999999688,0.0,NULL,NULL,NULL,NULL);
INSERT INTO property_coords VALUES(228,50201,6,1497.029999999999973,-688.2999999999999546,95.4800000000000039,0.0,1497.759999999999991,-677.0499999999999546,88.20000000000000284,0.0);
INSERT INTO property_coords VALUES(229,50201,1,1496.230000000000018,-692.6900000000000546,94.75,0.0,NULL,NULL,NULL,NULL);
INSERT INTO property_coords VALUES(230,40701,1,1102.86999999999989,-299.3899999999999864,73.98999999999999489,0.0,NULL,NULL,NULL,NULL);
INSERT INTO property_coords VALUES(231,40203,1,739.8700000000000045,-591.5499999999999546,17.12999999999999901,0.0,NULL,NULL,NULL,NULL);
INSERT INTO property_coords VALUES(232,40202,1,744.7300000000000181,-551.3600000000000136,17.21000000000000085,0.0,NULL,NULL,NULL,NULL);
INSERT INTO property_coords VALUES(233,40201,1,766.509999999999991,-552.42999999999995,17.28999999999999915,0.0,NULL,NULL,NULL,NULL);
INSERT INTO property_coords VALUES(234,50101,1,2435.59999999999991,-1055.940000000000054,54.34000000000000341,0.0,NULL,NULL,NULL,NULL);
INSERT INTO property_coords VALUES(235,40401,1,2550.559999999999946,-2.049999999999999822,26.53999999999999915,0.0,NULL,NULL,NULL,NULL);
INSERT INTO property_coords VALUES(236,40601,1,754.7300000000000181,374.1299999999999955,23.23000000000000042,0.0,'',NULL,NULL,NULL);
INSERT INTO property_coords VALUES(237,40602,1,798.240000000000009,359.6499999999999773,19.39999999999999857,0.0,NULL,NULL,NULL,NULL);
INSERT INTO property_coords VALUES(238,40603,1,773.0199999999999819,343.259999999999991,19.82999999999999829,0.0,NULL,NULL,NULL,NULL);
INSERT INTO property_coords VALUES(239,40604,1,750.5399999999999637,274.8899999999999864,27.23999999999999844,0.0,NULL,NULL,NULL,NULL);
INSERT INTO property_coords VALUES(240,40605,1,747.1499999999999773,261.2300000000000181,27.0799999999999983,0.0,NULL,NULL,NULL,NULL);
INSERT INTO property_coords VALUES(241,40101,1,869.1000000000000227,-28.98000000000000042,63.18999999999999773,0.0,NULL,NULL,NULL,NULL);
INSERT INTO property_coords VALUES(242,40302,1,258.2099999999999796,-269.410000000000025,1.580000000000000071,0.0,NULL,NULL,NULL,NULL);
INSERT INTO property_coords VALUES(243,40303,1,262.8000000000000113,-291.75,1.570000000000000062,0.0,NULL,NULL,NULL,NULL);
INSERT INTO property_coords VALUES(244,40304,1,259.5299999999999727,-298.3600000000000136,1.570000000000000062,0.0,NULL,NULL,NULL,NULL);
INSERT INTO property_coords VALUES(245,40301,1,244.1899999999999978,-33.14000000000000056,1.570000000000000062,0.0,NULL,NULL,NULL,NULL);
INSERT INTO property_coords VALUES(246,40501,1,-2063.809999999999946,-2508.619999999999891,30.69000000000000127,0.0,NULL,NULL,NULL,NULL);
INSERT INTO property_coords VALUES(247,10203,1,-2797.230000000000018,-146.3199999999999932,7.179999999999999716,0.0,NULL,NULL,NULL,NULL);
INSERT INTO property_coords VALUES(248,10202,1,-2795.7199999999998,-129.6399999999999863,7.19000000000000039,0.0,NULL,NULL,NULL,NULL);
INSERT INTO property_coords VALUES(249,10201,1,-2797.989999999999782,-127.0999999999999944,7.179999999999999716,0.0,NULL,NULL,NULL,NULL);
INSERT INTO property_coords VALUES(250,10101,1,-2688.809999999999946,203.3000000000000113,4.330000000000000071,0.0,NULL,NULL,NULL,NULL);
INSERT INTO property_coords VALUES(251,10102,1,-2682.829999999999928,202.5200000000000102,4.330000000000000071,0.0,NULL,NULL,NULL,NULL);
INSERT INTO property_coords VALUES(252,10103,1,-2672.230000000000018,205.4300000000000068,4.330000000000000071,0.0,NULL,NULL,NULL,NULL);
INSERT INTO property_coords VALUES(253,10104,1,-2656.460000000000036,202.9499999999999887,4.330000000000000071,0.0,NULL,NULL,NULL,NULL);
INSERT INTO property_coords VALUES(254,10105,1,-2654.130000000000109,204.1399999999999863,4.330000000000000071,0.0,NULL,NULL,NULL,NULL);
INSERT INTO property_coords VALUES(255,20101,1,-1466.450000000000045,2685.34999999999991,55.8299999999999983,0.0,NULL,NULL,NULL,NULL);
INSERT INTO property_coords VALUES(256,20102,1,-1477.380000000000109,2700.940000000000054,55.8299999999999983,0.0,NULL,NULL,NULL,NULL);
INSERT INTO property_coords VALUES(257,20103,1,-1491.160000000000081,2681.5300000000002,55.8299999999999983,0.0,NULL,NULL,NULL,NULL);
INSERT INTO property_coords VALUES(258,20104,1,-1551.1099999999999,2692.659999999999855,55.8299999999999983,0.0,NULL,NULL,NULL,NULL);
INSERT INTO property_coords VALUES(259,20105,1,-1599.990000000000009,2689.929999999999837,55.10000000000000142,0.0,NULL,NULL,NULL,NULL);
INSERT INTO property_coords VALUES(260,20106,1,-1665.910000000000081,2598.679999999999837,81.34999999999999431,0.0,NULL,NULL,NULL,NULL);
INSERT INTO property_coords VALUES(261,20107,1,-1663.029999999999973,2486.449999999999819,87.12000000000000454,0.0,NULL,NULL,NULL,NULL);
INSERT INTO property_coords VALUES(262,20302,1,-145.5200000000000102,2689.139999999999873,62.27000000000000312,0.0,NULL,NULL,NULL,NULL);
INSERT INTO property_coords VALUES(263,20301,1,-173.4799999999999898,2709.840000000000145,62.63000000000000255,0.0,NULL,NULL,NULL,NULL);
INSERT INTO property_coords VALUES(264,20303,1,-157.8400000000000034,2727.510000000000218,62.09000000000000341,0.0,NULL,NULL,NULL,NULL);
INSERT INTO property_coords VALUES(265,20304,1,-204.5800000000000125,2774.519999999999982,62.31000000000000227,0.0,NULL,NULL,NULL,NULL);
INSERT INTO property_coords VALUES(266,20307,1,-235.240000000000009,2807.0300000000002,61.68999999999999773,0.0,NULL,NULL,NULL,NULL);
INSERT INTO property_coords VALUES(267,20306,1,-256.410000000000025,2778.710000000000036,62.67999999999999972,0.0,NULL,NULL,NULL,NULL);
INSERT INTO property_coords VALUES(268,20310,1,-286.1100000000000136,2753.320000000000163,62.04999999999999716,0.0,NULL,NULL,NULL,NULL);
INSERT INTO property_coords VALUES(269,20305,1,-221.009999999999991,2762.610000000000127,62.67999999999999972,0.0,NULL,NULL,NULL,NULL);
INSERT INTO property_coords VALUES(270,20309,1,-268.6499999999999773,2735.800000000000181,62.61999999999999745,0.0,NULL,NULL,NULL,NULL);
INSERT INTO property_coords VALUES(271,20308,1,-279.3299999999999841,2725.7199999999998,62.42999999999999972,0.0,NULL,NULL,NULL,NULL);
INSERT INTO property_coords VALUES(272,20311,1,-306.9700000000000273,2726.389999999999873,62.53000000000000113,0.0,NULL,NULL,NULL,NULL);
INSERT INTO property_coords VALUES(273,20501,1,-818.5299999999999728,1600.299999999999955,27.10999999999999944,0.0,NULL,NULL,NULL,NULL);
INSERT INTO property_coords VALUES(274,20502,1,-827.82000000000005,1598.230000000000018,27.10999999999999944,0.0,NULL,NULL,NULL,NULL);
INSERT INTO property_coords VALUES(275,20503,1,-905.4400000000000546,1519.210000000000036,25.91000000000000014,0.0,NULL,NULL,NULL,NULL);
INSERT INTO property_coords VALUES(276,20201,1,-92.04000000000000626,973.740000000000009,19.87000000000000099,0.0,NULL,NULL,NULL,NULL);
INSERT INTO property_coords VALUES(277,20202,1,-36.77000000000000313,968.100000000000022,19.76000000000000157,0.0,NULL,NULL,NULL,NULL);
INSERT INTO property_coords VALUES(278,20203,1,18.75,970.649999999999978,19.82000000000000028,0.0,NULL,NULL,NULL,NULL);
INSERT INTO property_coords VALUES(279,20403,1,789.1299999999999955,1977.450000000000045,5.330000000000000071,0.0,NULL,NULL,NULL,NULL);
INSERT INTO property_coords VALUES(280,20402,1,796.6000000000000227,1987.160000000000081,5.379999999999999894,0.0,NULL,NULL,NULL,NULL);
INSERT INTO property_coords VALUES(281,20401,1,767.5299999999999728,2003.940000000000054,5.660000000000000142,0.0,NULL,NULL,NULL,NULL);
INSERT INTO property_coords VALUES(282,20108,1,-1591.490000000000009,2650.2199999999998,55.8299999999999983,0.0,NULL,NULL,NULL,NULL);
INSERT INTO property_coords VALUES(283,20108,6,-1588.049999999999955,2650.050000000000181,55.85000000000000142,0.0,NULL,NULL,NULL,NULL);
INSERT INTO property_coords VALUES(284,20108,8,-1589.450000000000045,2655.320000000000163,55.85000000000000142,0.0,NULL,NULL,NULL,NULL);
INSERT INTO property_coords VALUES(285,20108,7,-1593.1400000000001,2650.880000000000109,55.8299999999999983,9.46000000000000086,NULL,NULL,NULL,NULL);
INSERT INTO property_coords VALUES(286,20601,8,-323.0,1535.970000000000027,75.56000000000000227,0.0,NULL,NULL,NULL,NULL);
INSERT INTO property_coords VALUES(287,10301,8,-1970.509999999999991,293.7200000000000273,35.1700000000000017,0.0,NULL,NULL,NULL,NULL);
INSERT INTO property_coords VALUES(288,10401,8,-1660.930000000000063,1216.6099999999999,7.25,0.0,NULL,NULL,NULL,NULL);
INSERT INTO property_coords VALUES(289,10402,8,-1799.940000000000054,1198.339999999999919,25.10999999999999944,0.0,NULL,NULL,NULL,NULL);
INSERT INTO property_coords VALUES(290,10501,8,-2442.409999999999855,751.6299999999999955,35.1700000000000017,0.0,NULL,NULL,NULL,NULL);
INSERT INTO property_coords VALUES(291,10302,8,-2202.510000000000219,328.7799999999999727,35.32000000000000028,0.0,NULL,NULL,NULL,NULL);
INSERT INTO property_coords VALUES(292,10601,8,-2026.630000000000109,-99.9599999999999938,35.15999999999999658,0.0,NULL,NULL,NULL,NULL);
INSERT INTO property_coords VALUES(293,10602,8,-2244.309999999999946,128.990000000000009,35.32000000000000028,0.0,NULL,NULL,NULL,NULL);
INSERT INTO property_coords VALUES(294,10701,8,-2764.9699999999998,788.6200000000000045,52.78000000000000113,0.0,NULL,NULL,NULL,NULL);
INSERT INTO property_coords VALUES(295,20701,8,-844.6599999999999682,2744.289999999999964,45.8299999999999983,0.0,NULL,NULL,NULL,NULL);
INSERT INTO property_coords VALUES(296,20801,8,414.2699999999999819,2533.050000000000181,19.14000000000000056,0.0,NULL,NULL,NULL,NULL);
INSERT INTO property_coords VALUES(297,20312,8,-300.6700000000000159,2661.019999999999982,62.75999999999999802,0.0,NULL,NULL,NULL,NULL);
INSERT INTO property_coords VALUES(298,20901,8,693.92999999999995,1964.230000000000018,5.530000000000000248,0.0,NULL,NULL,NULL,NULL);
INSERT INTO property_coords VALUES(299,21001,8,-85.70000000000000284,1378.65000000000009,10.26999999999999958,0.0,NULL,NULL,NULL,NULL);
INSERT INTO property_coords VALUES(300,10403,8,-1702.940000000000054,1340.369999999999891,7.169999999999999929,0.0,NULL,NULL,NULL,NULL);
INSERT INTO property_coords VALUES(301,10106,8,-2582.25,310.0,5.169999999999999929,0.0,NULL,NULL,NULL,NULL);
INSERT INTO property_coords VALUES(302,10107,8,-2553.4699999999998,193.009999999999991,6.139999999999999681,0.0,NULL,NULL,NULL,NULL);
INSERT INTO property_coords VALUES(303,10108,8,-2590.570000000000163,60.45000000000000284,4.330000000000000071,0.0,NULL,NULL,NULL,NULL);
INSERT INTO property_coords VALUES(304,10801,8,-2624.139999999999873,1410.720000000000027,7.089999999999999858,0.0,NULL,NULL,NULL,NULL);
INSERT INTO property_coords VALUES(305,10901,8,-1696.279999999999973,949.909999999999969,24.89000000000000056,0.0,NULL,NULL,NULL,NULL);
INSERT INTO property_coords VALUES(306,10902,8,-1884.829999999999928,864.1200000000000045,35.1700000000000017,0.0,NULL,NULL,NULL,NULL);
INSERT INTO property_coords VALUES(307,20204,8,110.4099999999999966,1105.099999999999909,13.59999999999999965,0.0,NULL,NULL,NULL,NULL);
INSERT INTO property_coords VALUES(308,21101,8,822.5499999999999546,856.5299999999999728,11.89000000000000056,0.0,NULL,NULL,NULL,NULL);
INSERT INTO property_coords VALUES(309,30101,8,1173.160000000000081,1350.6099999999999,10.91999999999999993,0.0,NULL,NULL,NULL,NULL);
INSERT INTO property_coords VALUES(310,30102,8,1099.359999999999899,1606.210000000000036,12.53999999999999915,0.0,NULL,NULL,NULL,NULL);
INSERT INTO property_coords VALUES(311,30201,8,2236.659999999999854,1285.569999999999937,10.82000000000000028,0.0,NULL,NULL,NULL,NULL);
INSERT INTO property_coords VALUES(312,50301,8,154.2299999999999898,-1941.009999999999991,3.770000000000000017,0.0,NULL,NULL,NULL,NULL);
INSERT INTO property_coords VALUES(313,30301,8,1319.119999999999891,1253.329999999999928,10.82000000000000028,0.0,NULL,NULL,NULL,NULL);
INSERT INTO property_coords VALUES(314,30401,8,2518.840000000000145,2334.940000000000054,10.82000000000000028,0.0,NULL,NULL,NULL,NULL);
INSERT INTO property_coords VALUES(315,11001,8,-2520.980000000000018,-622.75,132.75,0.0,NULL,NULL,NULL,NULL);
INSERT INTO property_coords VALUES(316,11201,8,-2418.659999999999855,333.8700000000000045,35.1700000000000017,0.0,NULL,NULL,NULL,NULL);
INSERT INTO property_coords VALUES(317,11301,8,-2272.619999999999891,534.6699999999999591,35.00999999999999802,0.0,NULL,NULL,NULL,NULL);
INSERT INTO property_coords VALUES(318,21201,8,-2490.75,2362.940000000000054,10.26999999999999958,0.0,NULL,NULL,NULL,NULL);
INSERT INTO property_coords VALUES(319,21301,8,-1939.299999999999955,2380.360000000000127,49.68999999999999773,0.0,NULL,NULL,NULL,NULL);
INSERT INTO property_coords VALUES(320,21401,8,-1350.269999999999982,2057.239999999999781,52.63000000000000255,0.0,NULL,NULL,NULL,NULL);
INSERT INTO property_coords VALUES(321,20504,8,-856.8799999999999955,1536.230000000000018,22.57999999999999829,0.0,NULL,NULL,NULL,NULL);
INSERT INTO property_coords VALUES(322,30501,8,2193.760000000000219,1991.009999999999991,12.28999999999999915,0.0,NULL,NULL,NULL,NULL);
INSERT INTO property_coords VALUES(323,30601,8,2440.90000000000009,2063.519999999999982,10.82000000000000028,0.0,NULL,NULL,NULL,NULL);
INSERT INTO property_coords VALUES(324,30302,8,1654.869999999999891,1733.420000000000072,10.82000000000000028,0.0,NULL,NULL,NULL,NULL);
INSERT INTO property_coords VALUES(325,30602,8,2367.449999999999819,1982.509999999999991,10.82000000000000028,0.0,NULL,NULL,NULL,NULL);
INSERT INTO property_coords VALUES(326,30202,8,2200.590000000000146,1391.809999999999946,10.82000000000000028,0.0,NULL,NULL,NULL,NULL);
INSERT INTO property_coords VALUES(327,30701,8,2020.809999999999946,1007.659999999999969,10.82000000000000028,0.0,NULL,NULL,NULL,NULL);
INSERT INTO property_coords VALUES(328,30801,8,1966.799999999999955,1623.269999999999982,12.85999999999999944,0.0,NULL,NULL,NULL,NULL);
INSERT INTO property_coords VALUES(329,30802,8,2194.889999999999873,1677.240000000000009,12.35999999999999944,0.0,NULL,NULL,NULL,NULL);
INSERT INTO property_coords VALUES(330,30803,8,2223.429999999999836,1838.789999999999964,10.82000000000000028,0.0,NULL,NULL,NULL,NULL);
INSERT INTO property_coords VALUES(331,40801,8,1278.720000000000027,370.1499999999999773,19.55000000000000071,0.0,NULL,NULL,NULL,NULL);
INSERT INTO property_coords VALUES(332,40802,8,1252.809999999999946,351.2099999999999796,19.55000000000000071,0.0,NULL,NULL,NULL,NULL);
INSERT INTO property_coords VALUES(333,40803,8,1290.029999999999973,270.6499999999999773,19.55000000000000071,0.0,NULL,NULL,NULL,NULL);
INSERT INTO property_coords VALUES(334,40204,8,612.5299999999999728,-518.4600000000000363,16.35000000000000143,0.0,NULL,NULL,NULL,NULL);
INSERT INTO property_coords VALUES(335,40205,8,701.9099999999999682,-520.1000000000000227,16.32999999999999829,0.0,NULL,NULL,NULL,NULL);
INSERT INTO property_coords VALUES(336,40206,8,854.3899999999999864,-601.8500000000000227,18.42000000000000171,0.0,NULL,NULL,NULL,NULL);
INSERT INTO property_coords VALUES(337,40402,8,2335.230000000000018,31.10000000000000142,26.48000000000000042,0.0,NULL,NULL,NULL,NULL);
INSERT INTO property_coords VALUES(338,40403,8,2322.460000000000036,-35.85999999999999944,26.48000000000000042,0.0,NULL,NULL,NULL,NULL);
INSERT INTO property_coords VALUES(339,40404,8,2334.420000000000072,-67.26999999999999603,26.48000000000000042,0.0,NULL,NULL,NULL,NULL);
INSERT INTO property_coords VALUES(340,40305,8,249.3799999999999955,-64.39000000000000056,1.570000000000000062,0.0,NULL,NULL,NULL,NULL);
INSERT INTO property_coords VALUES(341,40901,8,21.98000000000000042,-2647.260000000000218,40.46000000000000085,0.0,NULL,NULL,NULL,NULL);
INSERT INTO property_coords VALUES(342,50401,8,476.1999999999999887,-1279.579999999999928,16.48000000000000042,0.0,NULL,NULL,NULL,NULL);
INSERT INTO property_coords VALUES(343,50501,8,528.0,-1761.759999999999991,14.26999999999999958,0.0,NULL,NULL,NULL,NULL);
INSERT INTO property_coords VALUES(344,50601,8,1070.420000000000073,-1221.200000000000045,16.89000000000000056,0.0,NULL,NULL,NULL,NULL);
INSERT INTO property_coords VALUES(345,50602,8,1038.240000000000009,-1338.539999999999964,13.72000000000000063,0.0,NULL,NULL,NULL,NULL);
INSERT INTO property_coords VALUES(346,50701,8,2421.550000000000181,-1221.0,25.44000000000000127,0.0,NULL,NULL,NULL,NULL);
INSERT INTO property_coords VALUES(347,50801,8,2851.619999999999891,-1532.25,11.08999999999999986,0.0,NULL,NULL,NULL,NULL);
INSERT INTO property_coords VALUES(348,50802,8,2691.789999999999964,-1707.880000000000109,11.83999999999999986,0.0,NULL,NULL,NULL,NULL);
INSERT INTO property_coords VALUES(349,50901,8,2351.34999999999991,-1463.509999999999991,24.0,0.0,NULL,NULL,NULL,NULL);
INSERT INTO property_coords VALUES(350,40502,8,-2105.610000000000127,-2342.159999999999855,30.62000000000000099,0.0,NULL,NULL,NULL,NULL);
INSERT INTO property_coords VALUES(351,40503,8,-2193.829999999999928,-2256.230000000000018,30.67999999999999972,0.0,NULL,NULL,NULL,NULL);
INSERT INTO property_coords VALUES(352,51001,8,1834.369999999999891,-1682.720000000000027,13.42999999999999972,0.0,NULL,NULL,NULL,NULL);
INSERT INTO property_coords VALUES(353,51002,8,2001.65000000000009,-1760.940000000000054,13.52999999999999937,0.0,NULL,NULL,NULL,NULL);
INSERT INTO property_coords VALUES(354,51003,8,2129.820000000000164,-1760.579999999999928,13.56000000000000049,0.0,NULL,NULL,NULL,NULL);
INSERT INTO property_coords VALUES(355,51101,8,2228.570000000000164,-1722.8599999999999,13.55000000000000071,0.0,NULL,NULL,NULL,NULL);
INSERT INTO property_coords VALUES(356,51102,8,2310.179999999999837,-1650.460000000000036,14.41999999999999993,0.0,NULL,NULL,NULL,NULL);
INSERT INTO property_coords VALUES(357,50102,1,2457.7800000000002,-1012.379999999999996,59.77000000000000312,0.0,NULL,NULL,NULL,NULL);
INSERT INTO property_coords VALUES(358,50102,6,2462.25,-1011.850000000000022,60.10999999999999944,0.0,NULL,NULL,NULL,NULL);
INSERT INTO property_coords VALUES(359,50102,8,2460.199999999999819,-1018.230000000000018,59.78999999999999915,0.0,NULL,NULL,NULL,NULL);
INSERT INTO property_coords VALUES(360,50102,7,2454.09999999999991,-1012.990000000000009,59.77000000000000312,176.9499999999999887,NULL,NULL,NULL,NULL);
INSERT INTO property_coords VALUES(361,50103,1,2454.579999999999928,-1054.099999999999909,59.74000000000000198,0.0,NULL,NULL,NULL,NULL);
INSERT INTO property_coords VALUES(362,50103,6,2457.409999999999855,-1054.559999999999946,59.74000000000000198,0.0,NULL,NULL,NULL,NULL);
INSERT INTO property_coords VALUES(363,50103,8,2457.630000000000109,-1049.720000000000027,59.71999999999999887,0.0,NULL,NULL,NULL,NULL);
INSERT INTO property_coords VALUES(364,50103,7,2451.869999999999891,-1053.61999999999989,59.74000000000000198,353.410000000000025,NULL,NULL,NULL,NULL);
INSERT INTO property_coords VALUES(365,51201,8,2231.59999999999991,-1159.819999999999937,25.8299999999999983,0.0,NULL,NULL,NULL,NULL);
INSERT INTO property_coords VALUES(366,51202,8,2131.760000000000219,-1148.86999999999989,24.32000000000000028,0.0,NULL,NULL,NULL,NULL);
INSERT INTO property_coords VALUES(367,51203,8,2112.960000000000036,-1212.65000000000009,23.96000000000000085,0.0,NULL,NULL,NULL,NULL);
INSERT INTO property_coords VALUES(368,51301,8,1124.839999999999918,-2036.769999999999982,69.87999999999999546,0.0,NULL,NULL,NULL,NULL);
INSERT INTO property_coords VALUES(369,51401,8,1941.440000000000054,-2115.90000000000009,13.68999999999999951,0.0,NULL,NULL,NULL,NULL);
INSERT INTO property_coords VALUES(370,21501,8,-35.79999999999999715,2347.059999999999946,24.14000000000000056,0.0,NULL,NULL,NULL,NULL);
INSERT INTO property_coords VALUES(371,51103,8,2244.559999999999946,-1663.980000000000018,15.47000000000000063,0.0,NULL,NULL,NULL,NULL);
INSERT INTO property_coords VALUES(372,51004,8,2139.210000000000036,-1744.690000000000054,13.55000000000000071,0.0,NULL,NULL,NULL,NULL);
INSERT INTO property_coords VALUES(373,51005,8,2069.829999999999928,-1779.839999999999919,13.55000000000000071,0.0,NULL,NULL,NULL,NULL);
INSERT INTO property_coords VALUES(374,51006,8,1933.430000000000063,-1863.180000000000063,13.56000000000000049,0.0,NULL,NULL,NULL,NULL);
INSERT INTO property_coords VALUES(375,51402,8,1935.630000000000109,-2086.329999999999928,13.57000000000000028,0.0,NULL,NULL,NULL,NULL);
INSERT INTO property_coords VALUES(376,51501,8,1631.799999999999955,-1170.8900000000001,24.07000000000000028,0.0,NULL,NULL,NULL,NULL);
INSERT INTO property_coords VALUES(377,51601,8,851.6699999999999591,-1588.309999999999946,13.53999999999999915,0.0,NULL,NULL,NULL,NULL);
INSERT INTO property_coords VALUES(378,50603,8,1094.940000000000054,-1272.440000000000054,13.53999999999999915,0.0,NULL,NULL,NULL,NULL);
INSERT INTO property_coords VALUES(379,50604,8,1070.390000000000101,-1354.1400000000001,13.53999999999999915,0.0,NULL,NULL,NULL,NULL);
INSERT INTO property_coords VALUES(380,50605,8,1046.009999999999991,-1291.430000000000063,13.53999999999999915,0.0,NULL,NULL,NULL,NULL);
INSERT INTO property_coords VALUES(381,50606,8,1001.730000000000018,-1297.329999999999928,13.53999999999999915,0.0,NULL,NULL,NULL,NULL);
INSERT INTO property_coords VALUES(382,50607,8,1004.019999999999982,-1159.240000000000009,23.85000000000000142,0.0,NULL,NULL,NULL,NULL);
INSERT INTO property_coords VALUES(383,50608,8,1022.629999999999996,-1123.430000000000063,23.87000000000000099,0.0,NULL,NULL,NULL,NULL);
INSERT INTO property_coords VALUES(384,50609,8,1122.890000000000101,-1130.38000000000011,23.80999999999999873,0.0,NULL,NULL,NULL,NULL);
INSERT INTO property_coords VALUES(385,30901,8,1559.039999999999964,1007.240000000000009,10.81000000000000049,0.0,NULL,NULL,NULL,NULL);
INSERT INTO property_coords VALUES(386,31001,8,2572.230000000000018,1901.8900000000001,11.01999999999999958,0.0,NULL,NULL,NULL,NULL);
INSERT INTO property_coords VALUES(387,30402,8,2500.269999999999982,2240.219999999999799,10.82000000000000028,0.0,NULL,NULL,NULL,NULL);
INSERT INTO property_coords VALUES(388,30403,8,2632.730000000000018,2348.980000000000018,10.66999999999999993,0.0,NULL,NULL,NULL,NULL);
INSERT INTO property_coords VALUES(389,31101,8,2862.360000000000127,2429.449999999999819,11.06000000000000049,0.0,NULL,NULL,NULL,NULL);
INSERT INTO property_coords VALUES(390,31102,8,2778.699999999999819,2452.769999999999982,11.06000000000000049,0.0,NULL,NULL,NULL,NULL);
INSERT INTO property_coords VALUES(391,31103,8,2801.820000000000163,2429.809999999999946,11.06000000000000049,0.0,NULL,NULL,NULL,NULL);
INSERT INTO property_coords VALUES(392,31104,8,2825.25,2406.639999999999873,11.06000000000000049,0.0,NULL,NULL,NULL,NULL);
INSERT INTO property_coords VALUES(393,20109,8,-1519.25,2609.170000000000072,55.8299999999999983,0.0,NULL,NULL,NULL,NULL);
INSERT INTO property_coords VALUES(394,11101,8,-2376.659999999999855,910.240000000000009,45.43999999999999773,0.0,NULL,NULL,NULL,NULL);
INSERT INTO property_coords VALUES(395,10603,8,-2268.239999999999781,-155.9300000000000068,35.32000000000000028,0.0,NULL,NULL,NULL,NULL);
INSERT INTO property_coords VALUES(396,10604,8,-2243.380000000000109,-88.18000000000000683,35.32000000000000028,0.0,NULL,NULL,NULL,NULL);
INSERT INTO property_coords VALUES(397,10109,8,-2715.880000000000109,197.8100000000000022,4.320000000000000285,0.0,NULL,NULL,NULL,NULL);
INSERT INTO property_coords VALUES(398,50402,8,645.3500000000000227,-1357.5,13.57000000000000028,0.0,NULL,NULL,NULL,NULL);
INSERT INTO property_coords VALUES(399,50610,8,1118.940000000000054,-1372.829999999999928,13.53999999999999915,0.0,NULL,NULL,NULL,NULL);
INSERT INTO property_coords VALUES(400,50201,3,1501.710000000000036,-671.1699999999999591,88.20999999999999374,0.0,NULL,NULL,NULL,NULL);
INSERT INTO property_coords VALUES(401,50201,10,1487.319999999999937,-671.1399999999999864,88.20000000000000284,0.0,NULL,NULL,NULL,NULL);
INSERT INTO property_coords VALUES(402,50201,5,1495.230000000000018,-663.9800000000000181,88.20999999999999374,0.0,1496.809999999999946,-662.8099999999999454,95.5999999999999944,0.0);
INSERT INTO property_coords VALUES(403,50201,6,1496.769999999999982,-666.0199999999999819,95.5999999999999944,0.0,1498.880000000000109,-665.25,88.20000000000000284,0.0);
INSERT INTO property_coords VALUES(404,30502,8,2094.829999999999928,2120.679999999999836,10.82000000000000028,0.0,NULL,NULL,NULL,NULL);
INSERT INTO property_coords VALUES(405,30503,8,2086.869999999999891,2074.039999999999964,11.01999999999999958,0.0,NULL,NULL,NULL,NULL);
INSERT INTO property_coords VALUES(406,31201,8,1478.84999999999991,2249.5,11.01999999999999958,0.0,NULL,NULL,NULL,NULL);
INSERT INTO property_coords VALUES(407,31301,8,1694.039999999999964,2206.760000000000219,11.06000000000000049,0.0,NULL,NULL,NULL,NULL);
INSERT INTO property_coords VALUES(408,20505,1,-635.6100000000000136,1440.319999999999937,13.60999999999999944,0.0,NULL,NULL,NULL,NULL);
INSERT INTO property_coords VALUES(409,20505,6,-636.740000000000009,1446.579999999999928,13.99000000000000021,0.0,NULL,NULL,NULL,NULL);
INSERT INTO property_coords VALUES(410,20505,8,-640.8300000000000409,1450.200000000000045,13.60999999999999944,0.0,NULL,NULL,NULL,NULL);
INSERT INTO property_coords VALUES(411,20505,7,-643.2100000000000363,1443.299999999999955,13.60999999999999944,1.229999999999999983,NULL,NULL,NULL,NULL);
INSERT INTO property_coords VALUES(412,20506,1,-686.7000000000000454,1444.309999999999946,17.37999999999999901,0.0,NULL,NULL,NULL,NULL);
INSERT INTO property_coords VALUES(413,20506,6,-689.4500000000000454,1444.440000000000054,17.80000000000000071,0.0,NULL,NULL,NULL,NULL);
INSERT INTO property_coords VALUES(414,20506,8,-688.9099999999999682,1449.410000000000081,17.5,0.0,NULL,NULL,NULL,NULL);
INSERT INTO property_coords VALUES(415,20506,7,-683.82000000000005,1444.269999999999982,17.28000000000000113,355.75,NULL,NULL,NULL,NULL);
INSERT INTO property_coords VALUES(416,51701,8,2153.309999999999946,-1013.07000000000005,62.92999999999999972,0.0,NULL,NULL,NULL,NULL);
INSERT INTO property_coords VALUES(417,31105,8,2756.039999999999964,2475.570000000000163,11.06000000000000049,0.0,NULL,NULL,NULL,NULL);
INSERT INTO property_coords VALUES(418,31106,8,2839.0,2406.159999999999855,11.06000000000000049,0.0,NULL,NULL,NULL,NULL);
INSERT INTO property_coords VALUES(419,31107,8,2885.480000000000018,2453.139999999999873,11.06000000000000049,0.0,NULL,NULL,NULL,NULL);
INSERT INTO property_coords VALUES(420,31108,8,2908.510000000000218,2476.15000000000009,11.06000000000000049,0.0,NULL,NULL,NULL,NULL);
INSERT INTO property_coords VALUES(421,30603,8,2545.9699999999998,1971.299999999999955,10.82000000000000028,0.0,NULL,NULL,NULL,NULL);
INSERT INTO property_coords VALUES(422,51801,8,811.1299999999999955,-1060.019999999999982,24.94000000000000127,0.0,NULL,NULL,NULL,NULL);
CREATE TABLE IF NOT EXISTS "vehicles" (
	"id"	INTEGER,
	"model"	INTEGER,
	"color1"	INTEGER,
	"color2"	INTEGER,
	"components"	TEXT,
	"paintjob"	INTEGER,
	PRIMARY KEY("id")
);
CREATE TABLE IF NOT EXISTS "property_skins" (
	"id"	INTEGER,
	"property_id"	INTEGER NOT NULL,
	"skin_id"	INTEGER NOT NULL,
	PRIMARY KEY("id" AUTOINCREMENT),
	FOREIGN KEY("property_id") REFERENCES "properties"("id")
);
CREATE TABLE IF NOT EXISTS "property_types" (
	"id"	INTEGER,
	"name"	TEXT UNIQUE,
	PRIMARY KEY("id")
);
INSERT INTO property_types VALUES(0,NULL);
INSERT INTO property_types VALUES(1,'PROPERTY_PEROSNAL');
INSERT INTO property_types VALUES(2,'PROPERTY_COMMERCIAL');
CREATE TABLE IF NOT EXISTS "properties" (
	"id"	INTEGER,
	"type"	INTEGER NOT NULL DEFAULT 1,
	"user_id"	INTEGER NOT NULL,
	"vehicle_id"	INTEGER,
	"name"	TEXT NOT NULL,
	"cost"	INTEGER NOT NULL,
	"occupied"	INTEGER DEFAULT 0,
	"custom_interior"	INTEGER DEFAULT 0,
	"locked_until_timestamp"	INTEGER NOT NULL DEFAULT 0,
	PRIMARY KEY("id"),
	FOREIGN KEY("type") REFERENCES "property_types"("id"),
	FOREIGN KEY("user_id") REFERENCES "users"("id"),
	FOREIGN KEY("vehicle_id") REFERENCES "vehicles"("id")
);
INSERT INTO properties VALUES(10101,1,0,NULL,'SF: The very first property for sell',1500000,1,0,0);
INSERT INTO properties VALUES(10102,1,0,NULL,'SF: Ocean Flats property no. 4',3200000,1,0,0);
INSERT INTO properties VALUES(10103,1,0,NULL,'SF: Ocean Flats property no. 5',3500000,1,0,0);
INSERT INTO properties VALUES(10104,1,0,NULL,'SF: Ocean Flats property no. 6',3500000,1,0,0);
INSERT INTO properties VALUES(10105,1,0,NULL,'SF: Ocean Flats property no. 7',3750000,1,0,0);
INSERT INTO properties VALUES(10106,2,0,NULL,'SF: The Uphill Gardener',45000,1,0,1762273693);
INSERT INTO properties VALUES(10107,2,0,NULL,'SF: Gaydar Station Club',55000,1,0,1762346750);
INSERT INTO properties VALUES(10108,2,0,NULL,'SF: Hippy Shopper',67000,1,0,1761751175);
INSERT INTO properties VALUES(10109,2,0,NULL,'SF: Wheel Arch Angels',54000,1,0,1762946531);
INSERT INTO properties VALUES(10201,1,0,NULL,'SF: Ocean Flats property no. 1',4500000,1,0,0);
INSERT INTO properties VALUES(10202,1,0,NULL,'SF: Ocean Flats property no. 2',4000000,1,0,0);
INSERT INTO properties VALUES(10203,1,0,NULL,'SF: Ocean Flats property no. 3',4200000,1,0,0);
INSERT INTO properties VALUES(10301,2,0,NULL,'SF: Wang Cars',50000,1,0,1764156717);
INSERT INTO properties VALUES(10302,2,0,NULL,'SF: Doms Rubber Store',30000,1,0,1762641195);
INSERT INTO properties VALUES(10401,2,0,NULL,'SF: Ottos Autos',60000,1,0,1761750920);
INSERT INTO properties VALUES(10402,2,0,NULL,'SF: Michelles Auto Repar',40000,1,0,1761750903);
INSERT INTO properties VALUES(10403,2,0,NULL,'SF: Pier 69',69000,1,0,1761750935);
INSERT INTO properties VALUES(10501,2,0,NULL,'SF: SupaSave',85000,1,0,1772020816);
INSERT INTO properties VALUES(10601,2,0,NULL,'SF: Turning Trick Advanced Motoring',45000,1,0,1768392303);
INSERT INTO properties VALUES(10602,2,0,NULL,'SF: Zero RC',65000,1,0,1762950603);
INSERT INTO properties VALUES(10603,2,0,NULL,'SF: Cobra Marital Arts',33000,1,0,1762938525);
INSERT INTO properties VALUES(10604,2,0,NULL,'SF: Mistys',31000,1,0,1762938513);
INSERT INTO properties VALUES(10701,2,0,NULL,'SF: Tuff Nut Donuts',60000,1,0,1761750839);
INSERT INTO properties VALUES(10801,2,0,NULL,'SF: Jizzys Pleasure Domes Club',90000,1,0,1772116396);
INSERT INTO properties VALUES(10901,2,0,NULL,'SF: Victim',68000,1,0,1761822255);
INSERT INTO properties VALUES(10902,2,0,NULL,'SF: Zip Clothing',67000,1,0,1773062517);
INSERT INTO properties VALUES(11001,2,0,NULL,'SF: Missionary Hill Observatory',55000,1,0,1762273970);
INSERT INTO properties VALUES(11101,2,0,NULL,'SF: Binco',49000,1,0,1761837799);
INSERT INTO properties VALUES(11201,2,0,NULL,'SF: Vank Hoff in the Park Hotel',99000,1,0,1761837764);
INSERT INTO properties VALUES(11301,2,0,NULL,'SF: Kings Tram Terminal',55000,1,0,1764156684);
INSERT INTO properties VALUES(20101,1,0,NULL,'El Quebrados prop no. 1',750000,0,0,0);
INSERT INTO properties VALUES(20102,1,0,NULL,'El Quebrados prop no. 2',650000,1,0,0);
INSERT INTO properties VALUES(20103,1,0,NULL,'El Quebrados prop no. 3',600000,0,0,0);
INSERT INTO properties VALUES(20104,1,0,NULL,'El Quebrados prop no. 4',600000,1,0,0);
INSERT INTO properties VALUES(20105,1,0,NULL,'El Quebrados prop no. 5',750000,1,0,0);
INSERT INTO properties VALUES(20106,1,0,NULL,'El Quebrados heights prop no. 1',990000,0,0,0);
INSERT INTO properties VALUES(20107,1,0,NULL,'El Quebrados heights prop no. 2',1000000,0,0,0);
INSERT INTO properties VALUES(20108,1,0,NULL,'El Quebrados prop no. 6',720000,1,0,0);
INSERT INTO properties VALUES(20109,2,0,NULL,'El Quebrados: Lounge',33000,1,0,1761673559);
INSERT INTO properties VALUES(20201,1,0,NULL,'Fort Carson property no. 1',1100000,0,0,0);
INSERT INTO properties VALUES(20202,1,0,NULL,'Fort Carson property no. 2',1200000,0,0,0);
INSERT INTO properties VALUES(20203,1,0,NULL,'Fort Carson property no. 3',1500000,1,0,0);
INSERT INTO properties VALUES(20204,2,0,NULL,'Fort Carson: Astro Drive-in Theatre',35000,1,0,1760211775);
INSERT INTO properties VALUES(20301,1,0,NULL,'Las Payasadas prop no. 1',1100000,0,0,0);
INSERT INTO properties VALUES(20302,1,0,NULL,'Las Payasadas prop no. 2',990000,0,0,0);
INSERT INTO properties VALUES(20303,1,0,NULL,'Las Payasadas prop no. 3',990000,0,0,0);
INSERT INTO properties VALUES(20304,1,0,NULL,'Las Payasadas prop no. 4',1000000,0,0,0);
INSERT INTO properties VALUES(20305,1,0,NULL,'Las Payasadas prop no. 5',1200000,1,0,0);
INSERT INTO properties VALUES(20306,1,0,NULL,'Las Payasadas prop no. 6',1200000,0,0,0);
INSERT INTO properties VALUES(20307,1,0,NULL,'Las Payasadas prop no. 7',1100000,0,0,0);
INSERT INTO properties VALUES(20308,1,0,NULL,'Las Payasadas prop no. 8',1200000,0,0,0);
INSERT INTO properties VALUES(20309,1,0,NULL,'Las Payasadas prop no. 9',1150000,0,0,0);
INSERT INTO properties VALUES(20310,1,0,NULL,'Las Payasadas prop no. 10',1100000,0,0,0);
INSERT INTO properties VALUES(20311,1,0,NULL,'Las Payasadas prop no. 11',1000000,0,0,0);
INSERT INTO properties VALUES(20312,2,0,NULL,'Las Payasadas: Peckers Feed and Seed',65000,1,0,1761754704);
INSERT INTO properties VALUES(20401,1,0,NULL,'Octane Springs trailer park prop no. 1',1200000,0,0,0);
INSERT INTO properties VALUES(20402,1,0,NULL,'Octane Springs trailer park prop no. 2',1300000,0,0,0);
INSERT INTO properties VALUES(20403,1,0,NULL,'Octane Springs trailer park prop no. 3',1250000,0,0,0);
INSERT INTO properties VALUES(20501,1,0,NULL,'Las Barrancas prop no. 1',1500000,1,0,0);
INSERT INTO properties VALUES(20502,1,0,NULL,'Las Barrancas prop no. 2',1450000,0,0,0);
INSERT INTO properties VALUES(20503,1,0,NULL,'Las Barrancas prop no. 3',1250000,0,0,0);
INSERT INTO properties VALUES(20504,2,0,NULL,'Las Barrancas: The Smokin Beef Grill',20000,1,0,1761759503);
INSERT INTO properties VALUES(20505,1,0,NULL,'Las Barrancas property no. 4',1300000,0,0,0);
INSERT INTO properties VALUES(20506,1,0,NULL,'Las Barrancas property no. 5',1100000,0,0,0);
INSERT INTO properties VALUES(20601,2,0,NULL,'The Big Ear',100000,1,0,0);
INSERT INTO properties VALUES(20701,2,0,NULL,'Tee Pee Motel',50000,1,0,1773061859);
INSERT INTO properties VALUES(20801,2,0,NULL,'Desert Aero School',100000,0,0,0);
INSERT INTO properties VALUES(20901,2,0,NULL,'The Big Spread Ranch',69000,0,0,0);
INSERT INTO properties VALUES(21001,2,0,NULL,'Lil Probe Inn Ufo Bar',30000,0,0,0);
INSERT INTO properties VALUES(21101,2,0,NULL,'Hunter Quarry',89000,0,0,0);
INSERT INTO properties VALUES(21201,2,0,NULL,'Bayside: Phat Clothing',35000,1,0,1761838157);
INSERT INTO properties VALUES(21301,2,0,NULL,'Jays Dinner',25000,1,0,1761838231);
INSERT INTO properties VALUES(21401,2,0,NULL,'Bait Shop',20000,1,0,1761838295);
INSERT INTO properties VALUES(21501,2,0,NULL,'Snake Farm',36000,1,0,1761836190);
INSERT INTO properties VALUES(30101,2,0,NULL,'LV: Turning Truck Advanced Motoring',45000,0,0,0);
INSERT INTO properties VALUES(30102,2,0,NULL,'LV: Dirtring Blackfield Stadium',91000,0,0,0);
INSERT INTO properties VALUES(30201,2,0,NULL,'LV: Pyramid Hotel',75000,1,0,1761754839);
INSERT INTO properties VALUES(30202,2,0,NULL,'LV: Autobahn',55000,1,0,1761754823);
INSERT INTO properties VALUES(30301,2,0,NULL,'LV: Flight School',45000,0,0,0);
INSERT INTO properties VALUES(30302,2,0,NULL,'LV: Binco',45000,1,0,1761756228);
INSERT INTO properties VALUES(30401,2,0,NULL,'LV: Dicks Sounds',25000,1,0,1761755026);
INSERT INTO properties VALUES(30402,2,0,NULL,'LV: Erotic Wedding Chapel',45000,1,0,1762638988);
INSERT INTO properties VALUES(30403,2,0,NULL,'LV: Rock Hotel',94000,1,0,1761755048);
INSERT INTO properties VALUES(30501,2,0,NULL,'LV: Seven 24',55000,1,0,1761754943);
INSERT INTO properties VALUES(30502,2,0,NULL,'LV: Tattoo',33000,1,0,1762640738);
INSERT INTO properties VALUES(30503,2,0,NULL,'LV: Sex Shop XXX',41000,1,0,1762640720);
INSERT INTO properties VALUES(30601,2,0,NULL,'LV: The Craw Bar',45000,1,0,1762640811);
INSERT INTO properties VALUES(30602,2,0,NULL,'LV: Venturas Steaks Steakhouse',35000,1,0,1772023993);
INSERT INTO properties VALUES(30603,2,0,NULL,'LV: Seven 24',61000,1,0,1762640840);
INSERT INTO properties VALUES(30701,2,0,NULL,'LV: Four Dragons Hotel & Casino',110000,1,0,1761754862);
INSERT INTO properties VALUES(30801,2,0,NULL,'LV: Pirates in Man Pants Casino',74000,1,0,1761756545);
INSERT INTO properties VALUES(30802,2,0,NULL,'LV: Caligulas Casino',120000,1,0,1772024005);
INSERT INTO properties VALUES(30803,2,0,NULL,'LV: Clowns Pocket Casino',94000,0,0,0);
INSERT INTO properties VALUES(30901,2,0,NULL,'LV: Broffles Waffles',28000,0,0,0);
INSERT INTO properties VALUES(31001,2,0,NULL,'LV: Zip',35000,0,0,0);
INSERT INTO properties VALUES(31101,2,0,NULL,'LV: Hardon Electrical',61000,1,0,1761755088);
INSERT INTO properties VALUES(31102,2,0,NULL,'LV: Sub Urban',55000,1,0,1762341011);
INSERT INTO properties VALUES(31103,2,0,NULL,'LV: Victim',66000,1,0,1762341004);
INSERT INTO properties VALUES(31104,2,0,NULL,'LV: Train Hard',61000,1,0,1762340997);
INSERT INTO properties VALUES(31105,2,0,NULL,'LV: The Well Stacked Pizza Co',49000,1,0,1762640946);
INSERT INTO properties VALUES(31106,2,0,NULL,'LV: Cluckin Bell',47000,1,0,1762640931);
INSERT INTO properties VALUES(31107,2,0,NULL,'LV: Seven 24',53000,1,0,1762640920);
INSERT INTO properties VALUES(31108,2,0,NULL,'LV: Gaulle',46000,1,0,1762640912);
INSERT INTO properties VALUES(31201,2,0,NULL,'LV: Home of the Bandits',120000,1,0,1761758694);
INSERT INTO properties VALUES(31301,2,0,NULL,'LV: Steakhouse',46000,1,0,1761758801);
INSERT INTO properties VALUES(40101,1,0,NULL,'Amdurkabaraque in the Woods',1600000,1,0,0);
INSERT INTO properties VALUES(40201,1,0,NULL,'Dillimore property no. 1',1900000,0,0,0);
INSERT INTO properties VALUES(40202,1,0,NULL,'Dillimore property no. 2',2450000,0,0,0);
INSERT INTO properties VALUES(40203,1,0,NULL,'Dillimore property no. 3',2850000,1,0,0);
INSERT INTO properties VALUES(40204,2,0,NULL,'Dillimore: Big Mikes',36000,1,0,1761754947);
INSERT INTO properties VALUES(40205,2,0,NULL,'Dillimore: Mr Grants Bike Shed',41000,1,0,1761754924);
INSERT INTO properties VALUES(40206,2,0,NULL,'Dillimore: Solarin Industries',67000,1,0,1772886712);
INSERT INTO properties VALUES(40301,1,0,NULL,'Blueberry property no. 1',1600000,0,0,0);
INSERT INTO properties VALUES(40302,1,0,NULL,'Blueberry trailer park property no. 1',800000,0,0,0);
INSERT INTO properties VALUES(40303,1,0,NULL,'Blueberry trailer park property no. 2',890000,0,0,0);
INSERT INTO properties VALUES(40304,1,0,NULL,'Blueberry trailer park property no. 3',940000,0,0,0);
INSERT INTO properties VALUES(40305,2,0,NULL,'Blueberry: Top Hat Liquor',33000,1,0,1762814237);
INSERT INTO properties VALUES(40401,1,0,NULL,'Palomino Creek property no. 1',1690000,0,0,0);
INSERT INTO properties VALUES(40402,2,0,NULL,'Palomino Creek: Jazz Mags',25000,0,0,0);
INSERT INTO properties VALUES(40403,2,0,NULL,'Palomino Creek: Raimi Realty',33000,0,0,0);
INSERT INTO properties VALUES(40404,2,0,NULL,'Palomino Creek: Bubs Hardware',29000,0,0,0);
INSERT INTO properties VALUES(40501,1,0,NULL,'Angel Pine trailer park property no. 1',1200000,0,0,0);
INSERT INTO properties VALUES(40502,2,0,NULL,'Angel Pine: J & Js Restaurant',25000,1,0,1761830795);
INSERT INTO properties VALUES(40503,2,0,NULL,'Angel Pine: U Get Inn Motel',57000,1,0,1761830780);
INSERT INTO properties VALUES(40601,1,0,NULL,'Hampton barns trailer park no. 1',900000,1,0,0);
INSERT INTO properties VALUES(40602,1,0,NULL,'Hampton barns trailer park no. 2',900000,0,0,0);
INSERT INTO properties VALUES(40603,1,0,NULL,'Hampton barns trailer park no. 3',900000,0,0,0);
INSERT INTO properties VALUES(40604,1,0,NULL,'Hampton barns trailer park no. 4',900000,0,0,0);
INSERT INTO properties VALUES(40605,1,0,NULL,'Hampton barns trailer park no. 5',900000,0,0,0);
INSERT INTO properties VALUES(40701,1,0,NULL,'Dillimore Farm prop no. 1',1200000,1,0,0);
INSERT INTO properties VALUES(40801,2,0,NULL,'Montgomery: Papercuts',35000,1,0,1763132718);
INSERT INTO properties VALUES(40802,2,0,NULL,'Montgomery: Last Drop Warehouse Services',40000,1,0,1763132710);
INSERT INTO properties VALUES(40803,2,0,NULL,'Montgomery: Inside Tracks',25000,1,0,1763132692);
INSERT INTO properties VALUES(40901,2,0,NULL,'69 Spot',24000,1,0,1762340313);
INSERT INTO properties VALUES(50101,1,0,NULL,'LS: Las Colinas property no. 1',2000000,1,0,0);
INSERT INTO properties VALUES(50102,1,0,NULL,'LS: Las Colinas property no. 2',2000000,0,0,0);
INSERT INTO properties VALUES(50103,1,0,NULL,'LS: Las Colinas property no. 3',2000000,0,0,0);
INSERT INTO properties VALUES(50201,1,0,NULL,'LS: Mulholland prop no. 1',7600000,1,1,0);
INSERT INTO properties VALUES(50202,1,0,NULL,'LS: Mulholland prop no. 2',5500000,1,1,0);
INSERT INTO properties VALUES(50301,2,0,NULL,'LS: Lighthouse',35000,0,0,0);
INSERT INTO properties VALUES(50401,2,0,NULL,'LS: Vinyl Cuntdown Store',36000,1,0,1761755471);
INSERT INTO properties VALUES(50402,2,0,NULL,'LS: Interglobal Television',75000,1,0,1762872040);
INSERT INTO properties VALUES(50501,2,0,NULL,'LS: SubStandard',20000,1,0,1761755625);
INSERT INTO properties VALUES(50601,2,0,NULL,'LS: Los Santos Fashions',38000,1,0,1761755329);
INSERT INTO properties VALUES(50602,2,0,NULL,'LS: Jims Sticky Ring',26000,1,0,1761755367);
INSERT INTO properties VALUES(50603,2,0,NULL,'LS: Spacey',31000,1,0,1761755345);
INSERT INTO properties VALUES(50604,2,0,NULL,'LS: Yoyojos Records',29000,1,0,1761755385);
INSERT INTO properties VALUES(50605,2,0,NULL,'LS: Blob Music',46000,1,0,1761755356);
INSERT INTO properties VALUES(50606,2,0,NULL,'LS: Sign',25000,1,0,1761755423);
INSERT INTO properties VALUES(50607,2,0,NULL,'LS: El Dritch',58000,1,0,1762872099);
INSERT INTO properties VALUES(50608,2,0,NULL,'LS: Cathay',61000,1,0,1761755313);
INSERT INTO properties VALUES(50609,2,0,NULL,'LS: Vice',56000,1,0,1762872117);
INSERT INTO properties VALUES(50610,2,0,NULL,'LS: Papercuts',39000,1,0,1762872620);
INSERT INTO properties VALUES(50701,2,0,NULL,'LS: The Pig Pen Totally Nude',65000,1,0,1762872298);
INSERT INTO properties VALUES(50801,2,0,NULL,'LS: Sprunk Incorporated',87000,1,0,1761755693);
INSERT INTO properties VALUES(50802,2,0,NULL,'LS: Los Santos Forum',94000,1,0,1761755638);
INSERT INTO properties VALUES(50901,2,0,NULL,'LS: Tiki Theater',39000,1,0,1763134602);
INSERT INTO properties VALUES(51001,2,0,NULL,'LS: Alhambra Club',68000,1,0,1762885663);
INSERT INTO properties VALUES(51002,2,0,NULL,'LS: 69c Only Store',36000,1,0,1761755529);
INSERT INTO properties VALUES(51003,2,0,NULL,'LS: Tonys Liquor',35000,1,0,1761755562);
INSERT INTO properties VALUES(51004,2,0,NULL,'LS: 25c Video Arcade',25000,1,0,1761755566);
INSERT INTO properties VALUES(51005,2,0,NULL,'LS: Tattoos',29000,1,0,1761755582);
INSERT INTO properties VALUES(51006,2,0,NULL,'LS: Beauty Supply Studio',64000,1,0,1761753209);
INSERT INTO properties VALUES(51101,2,0,NULL,'LS: Gym',36000,1,0,1761755595);
INSERT INTO properties VALUES(51102,2,0,NULL,'LS: Ten Green Bottles Bar',45000,1,0,1762953172);
INSERT INTO properties VALUES(51103,2,0,NULL,'LS: Binco',47000,1,0,1762953237);
INSERT INTO properties VALUES(51201,2,0,NULL,'LS: Jefferson Motel',78000,1,0,1761755767);
INSERT INTO properties VALUES(51202,2,0,NULL,'LS: Coutt And Schutz',66000,1,0,1762872340);
INSERT INTO properties VALUES(51203,2,0,NULL,'LS: Sub Urban',39000,1,0,1761755791);
INSERT INTO properties VALUES(51301,2,0,NULL,'LS: Los Santos Obervatory',60000,1,0,1762877555);
INSERT INTO properties VALUES(51401,2,0,NULL,'LS: Nude & XXX Shop',66000,1,0,1762943784);
INSERT INTO properties VALUES(51402,2,0,NULL,'LS: Video Preview & Blowout',45000,1,0,1762943778);
INSERT INTO properties VALUES(51501,2,0,NULL,'LS: Inside Track',47000,1,0,1761755836);
INSERT INTO properties VALUES(51601,2,0,NULL,'LS: Toy Corner',45000,1,0,1762872554);
INSERT INTO properties VALUES(51701,2,0,NULL,'LS: Carniceria El Pueblo',40000,1,0,1762872725);
INSERT INTO properties VALUES(51801,2,0,NULL,'LS: Power Video Rentals',47000,1,0,1762872435);
CREATE TABLE IF NOT EXISTS "atm_coords" (
	"id"	INTEGER,
	"x"	REAL NOT NULL,
	"y"	REAL NOT NULL,
	"z"	REAL NOT NULL,
	"comment"	TEXT,
	PRIMARY KEY("id")
);
INSERT INTO atm_coords VALUES(1,1519.480800000000044,1053.730099999999994,10.82029999999999959,'LV');
INSERT INTO atm_coords VALUES(2,1481.151200000000017,2158.121099999999842,11.02340000000000053,'LV');
INSERT INTO atm_coords VALUES(3,2074.491700000000037,2295.204099999999926,10.82029999999999959,'LV');
INSERT INTO atm_coords VALUES(4,-1553.970000000000027,1061.799999999999955,6.80999999999999961,'SF');
INSERT INTO atm_coords VALUES(5,-1940.25,511.7900000000000204,34.78999999999999915,'SF');
INSERT INTO atm_coords VALUES(6,-1972.700000000000045,-851.4700000000000272,31.78999999999999915,'SF');
INSERT INTO atm_coords VALUES(7,824.42999999999995,-1353.660000000000081,13.09999999999999965,'LS');
INSERT INTO atm_coords VALUES(8,1380.420000000000072,-1088.839999999999918,26.94000000000000127,'LS');
INSERT INTO atm_coords VALUES(9,2748.440000000000054,-1466.40000000000009,30.01000000000000156,'LS');
INSERT INTO atm_coords VALUES(10,-2477.539999999999964,2323.4699999999998,4.80999999999999961,'Bayside');
INSERT INTO atm_coords VALUES(11,-178.0500000000000113,1110.059999999999946,19.57000000000000028,'Fort Carson');
INSERT INTO atm_coords VALUES(12,-229.0200000000000102,2709.199999999999819,62.53999999999999915,'Las Payasadas');
INSERT INTO atm_coords VALUES(13,-1509.220000000000027,2593.820000000000163,55.39999999999999858,'El Quebrados');
INSERT INTO atm_coords VALUES(14,1307.160000000000081,307.6800000000000068,19.55000000000000071,'Montgomery');
INSERT INTO atm_coords VALUES(15,648.009999999999991,-521.6299999999999955,15.90000000000000035,'Dillimore');
INSERT INTO atm_coords VALUES(16,191.3300000000000125,-203.8100000000000022,1.280000000000000026,'Blueberry');
INSERT INTO atm_coords VALUES(17,-2164.110000000000127,-2419.210000000000036,30.62000000000000099,'Angel Pine');
INSERT INTO atm_coords VALUES(18,-827.8400000000000318,1503.299999999999955,19.67999999999999972,'Las Barrancas');
INSERT INTO atm_coords VALUES(19,2302.730000000000018,-20.05000000000000071,26.25,'Palomino Creek');
CREATE TABLE IF NOT EXISTS "prize_types" (
	"id"	INTEGER,
	"name"	TEXT,
	PRIMARY KEY("id")
);
INSERT INTO prize_types VALUES(0,'');
INSERT INTO prize_types VALUES(1,'PRIZE_TIKI');
INSERT INTO prize_types VALUES(2,'PRIZE_PUMPKIN');
CREATE TABLE IF NOT EXISTS "prize_coords" (
	"id"	INTEGER NOT NULL,
	"type"	INTEGER NOT NULL DEFAULT 0,
	"name"	TEXT,
	"comment"	TEXT,
	"x"	INTEGER NOT NULL DEFAULT 0.0,
	"y"	INTEGER NOT NULL DEFAULT 0.0,
	"z"	INTEGER NOT NULL DEFAULT 0.0,
	"hidden"	INTEGER NOT NULL DEFAULT 0,
	PRIMARY KEY("id"),
	FOREIGN KEY("type") REFERENCES "prize_types"("id")
);
CREATE TABLE IF NOT EXISTS "drug_types" (
	"id"	INTEGER,
	"name"	TEXT,
	PRIMARY KEY("id")
);
INSERT INTO drug_types VALUES(0,NULL);
INSERT INTO drug_types VALUES(1,'ZAZA');
INSERT INTO drug_types VALUES(2,'TOBACCO');
INSERT INTO drug_types VALUES(3,'PAPER');
INSERT INTO drug_types VALUES(4,'JOINT');
INSERT INTO drug_types VALUES(5,'LIGHTER');
INSERT INTO drug_types VALUES(6,'COCAINE');
INSERT INTO drug_types VALUES(7,'HEROIN');
INSERT INTO drug_types VALUES(8,'METH');
INSERT INTO drug_types VALUES(9,'FENT');
INSERT INTO drug_types VALUES(10,'PCP');
CREATE TABLE IF NOT EXISTS "drug_coords" (
	"id"	INTEGER,
	"type"	INTEGER NOT NULL,
	"x"	REAL,
	"y"	REAL,
	"z"	REAL,
	PRIMARY KEY("id"),
	FOREIGN KEY("type") REFERENCES "drug_types"("id")
);
INSERT INTO drug_coords VALUES(1,10,-2635.15000000000009,957.41999999999996,70.20999999999999374);
INSERT INTO drug_coords VALUES(2,9,-2213.429999999999836,109.7099999999999938,35.32000000000000028);
INSERT INTO drug_coords VALUES(3,9,-2720.090000000000145,75.78000000000000113,4.330000000000000071);
INSERT INTO drug_coords VALUES(4,8,-97.9699999999999989,-1587.089999999999919,2.609999999999999876);
INSERT INTO drug_coords VALUES(5,8,-2515.699999999999819,300.410000000000025,28.96999999999999887);
INSERT INTO drug_coords VALUES(6,8,-2563.579999999999928,324.8299999999999841,10.56000000000000049);
INSERT INTO drug_coords VALUES(7,8,-2186.309999999999946,695.9600000000000363,53.89000000000000056);
INSERT INTO drug_coords VALUES(8,8,-2449.869999999999891,968.840000000000031,44.85999999999999944);
INSERT INTO drug_coords VALUES(9,8,1297.0,352.6700000000000159,19.12000000000000099);
INSERT INTO drug_coords VALUES(10,7,-1664.190000000000054,1010.740000000000009,7.490000000000000213);
INSERT INTO drug_coords VALUES(11,7,-2457.179999999999837,-96.0900000000000034,25.98999999999999844);
INSERT INTO drug_coords VALUES(12,7,-1955.880000000000109,766.3099999999999454,55.71999999999999887);
INSERT INTO drug_coords VALUES(13,7,-1725.839999999999919,1243.84999999999991,7.540000000000000035);
INSERT INTO drug_coords VALUES(14,7,-2708.039999999999964,1459.450000000000045,6.679999999999999716);
INSERT INTO drug_coords VALUES(15,6,-2117.199999999999818,220.4399999999999978,35.21999999999999887);
INSERT INTO drug_coords VALUES(16,6,-2555.84999999999991,23.78000000000000113,12.59999999999999965);
INSERT INTO drug_coords VALUES(17,6,-2040.960000000000036,837.4600000000000363,55.10000000000000142);
INSERT INTO drug_coords VALUES(18,6,-1807.200000000000045,1334.539999999999964,7.179999999999999716);
INSERT INTO drug_coords VALUES(19,6,-2045.619999999999891,975.509999999999991,54.24000000000000198);
INSERT INTO drug_coords VALUES(20,1,-1110.299999999999955,-1678.589999999999919,76.37000000000000454);
INSERT INTO drug_coords VALUES(21,1,-369.9700000000000273,-1417.480000000000018,25.71999999999999887);
INSERT INTO drug_coords VALUES(22,1,-80.8299999999999983,-1212.65000000000009,2.700000000000000177);
INSERT INTO drug_coords VALUES(23,1,203.8300000000000125,36.10000000000000142,2.569999999999999841);
INSERT INTO drug_coords VALUES(24,1,2317.25,-68.26999999999999603,26.48000000000000042);
INSERT INTO drug_coords VALUES(25,1,2243.210000000000036,-86.3299999999999983,26.48999999999999844);
INSERT INTO drug_coords VALUES(26,1,1355.740000000000009,489.1700000000000159,20.21000000000000085);
INSERT INTO drug_coords VALUES(27,1,-752.7000000000000454,-130.5800000000000125,65.81999999999999317);
INSERT INTO drug_coords VALUES(28,1,-2186.079999999999928,-2321.65000000000009,30.62000000000000099);
INSERT INTO drug_coords VALUES(29,1,-253.6399999999999864,-2187.539999999999964,28.91000000000000014);
CREATE TABLE IF NOT EXISTS "team_coords" (
	"id"	INTEGER,
	"team_id"	INTEGER NOT NULL,
	"x"	REAL,
	"y"	REAL,
	"z"	REAL,
	PRIMARY KEY("id"),
	FOREIGN KEY("team_id") REFERENCES "teams"("id")
);
INSERT INTO team_coords VALUES(1,1,1036.829999999999927,-1028.470000000000027,31.66000000000000014);
INSERT INTO team_coords VALUES(2,2,2304.429999999999836,1151.950000000000045,85.93999999999999773);
INSERT INTO team_coords VALUES(3,3,2290.730000000000018,2429.610000000000127,10.82000000000000028);
INSERT INTO team_coords VALUES(4,4,2637.360000000000127,1127.039999999999964,11.17999999999999972);
INSERT INTO team_coords VALUES(5,5,-1982.220000000000027,131.990000000000009,27.67999999999999972);
INSERT INTO team_coords VALUES(6,6,2892.800000000000181,-2127.90000000000009,3.200000000000000177);
INSERT INTO team_coords VALUES(7,7,2101.699999999999818,-1810.049999999999955,13.55000000000000071);
INSERT INTO team_coords VALUES(8,8,2838.09999999999991,-2130.260000000000219,0.1900000000000000022);
INSERT INTO team_coords VALUES(9,9,2582.09999999999991,-956.279999999999973,81.01999999999999603);
INSERT INTO team_coords VALUES(10,1,724.8600000000000136,-469.6399999999999864,16.32999999999999829);
INSERT INTO team_coords VALUES(11,1,1965.329999999999928,2156.440000000000054,10.82000000000000028);
INSERT INTO team_coords VALUES(12,1,-94.0499999999999972,1108.450000000000045,19.73999999999999843);
INSERT INTO team_coords VALUES(13,1,-1427.029999999999973,2593.019999999999982,55.8299999999999983);
INSERT INTO team_coords VALUES(14,1,-2431.190000000000054,1029.759999999999991,50.39000000000000056);
INSERT INTO team_coords VALUES(15,1,-1898.1400000000001,276.3700000000000045,41.03000000000000113);
INSERT INTO team_coords VALUES(16,1,2074.019999999999982,-1826.799999999999955,13.53999999999999915);
INSERT INTO team_coords VALUES(17,1,484.7699999999999819,-1732.579999999999928,11.08000000000000007);
INSERT INTO team_coords VALUES(18,3,-1390.789999999999964,2633.679999999999837,55.97999999999999688);
INSERT INTO team_coords VALUES(19,3,-217.8700000000000045,985.299999999999955,19.55000000000000071);
INSERT INTO team_coords VALUES(20,3,631.92999999999995,-571.6399999999999864,16.32999999999999829);
INSERT INTO team_coords VALUES(21,3,-2444.429999999999837,503.6200000000000045,30.08999999999999986);
INSERT INTO team_coords VALUES(22,3,-1621.34999999999991,681.42999999999995,7.179999999999999716);
INSERT INTO team_coords VALUES(23,5,-1418.440000000000054,-292.7699999999999819,14.14000000000000056);
INSERT INTO team_coords VALUES(24,5,2836.139999999999873,1261.450000000000045,10.92999999999999972);
INSERT INTO team_coords VALUES(25,5,1712.950000000000045,1476.460000000000036,10.82000000000000028);
INSERT INTO team_coords VALUES(26,5,1437.740000000000009,2615.019999999999982,11.39000000000000056);
INSERT INTO team_coords VALUES(27,5,1665.339999999999919,-2243.659999999999854,13.53999999999999915);
INSERT INTO team_coords VALUES(28,5,1771.40000000000009,-1913.1099999999999,13.55000000000000071);
INSERT INTO team_coords VALUES(29,5,828.9500000000000454,-1335.65000000000009,13.53999999999999915);
CREATE TABLE IF NOT EXISTS "combat_coord_types" (
	"id"	INTEGER,
	"name"	TEXT,
	PRIMARY KEY("id")
);
INSERT INTO combat_coord_types VALUES(0,'COORD_NULL');
INSERT INTO combat_coord_types VALUES(1,'COORD_BRIEFCASE');
INSERT INTO combat_coord_types VALUES(2,'COORD_NPC');
INSERT INTO combat_coord_types VALUES(3,'COORD_HEALTH');
INSERT INTO combat_coord_types VALUES(4,'COORD_HELI');
INSERT INTO combat_coord_types VALUES(5,'COORD_EXIT');
INSERT INTO combat_coord_types VALUES(6,'COORD_ROOF');
INSERT INTO combat_coord_types VALUES(7,'COORD_CP');
INSERT INTO combat_coord_types VALUES(8,'COORD_NPC_MAN');
INSERT INTO combat_coord_types VALUES(9,'COORD_DOOR');
CREATE TABLE IF NOT EXISTS "high_scores_types" (
	"id"	INTEGER,
	"name"	TEXT,
	PRIMARY KEY("id")
);
INSERT INTO high_scores_types VALUES(0,NULL);
INSERT INTO high_scores_types VALUES(1,'TYPE_RACE');
INSERT INTO high_scores_types VALUES(2,'TYPE_DEATHMATCH');
INSERT INTO high_scores_types VALUES(3,'TYPE_MISSON_TAXI');
INSERT INTO high_scores_types VALUES(4,'TYPE_MISSION_TRUCKING');
INSERT INTO high_scores_types VALUES(5,'TYPE_MISSION_COMBAT');
CREATE TABLE IF NOT EXISTS "combat_mission" (
	"id"	INTEGER,
	"name"	TEXT,
	PRIMARY KEY("id")
);
INSERT INTO combat_mission VALUES(0,NULL);
INSERT INTO combat_mission VALUES(1,'Planning Centre');
INSERT INTO combat_mission VALUES(2,'Biohazard Labs (demo)');
CREATE TABLE IF NOT EXISTS "combat_coords" (
	"id"	INTEGER,
	"type"	INTEGER NOT NULL DEFAULT 0,
	"mission_id"	INTEGER,
	"x"	REAL NOT NULL,
	"y"	REAL NOT NULL,
	"z"	REAL NOT NULL,
	PRIMARY KEY("id"),
	FOREIGN KEY("mission_id") REFERENCES "combat_mission"("id"),
	FOREIGN KEY("type") REFERENCES "combat_coord_types"("id")
);
INSERT INTO combat_coords VALUES(1,1,1,354.990000000000009,173.6999999999999887,1008.379999999999996);
INSERT INTO combat_coords VALUES(2,2,1,356.410000000000025,173.6899999999999978,1008.379999999999996);
INSERT INTO combat_coords VALUES(3,3,1,374.4300000000000068,187.4300000000000068,1008.379999999999996);
INSERT INTO combat_coords VALUES(4,1,1,360.3299999999999841,216.2199999999999989,1008.379999999999996);
INSERT INTO combat_coords VALUES(5,2,1,352.6299999999999955,215.7700000000000102,1008.379999999999996);
INSERT INTO combat_coords VALUES(6,2,1,366.5699999999999932,215.3499999999999944,1008.379999999999996);
INSERT INTO combat_coords VALUES(7,2,1,378.990000000000009,153.0800000000000125,1012.17999999999995);
INSERT INTO combat_coords VALUES(8,2,1,377.8700000000000045,186.4099999999999966,1014.17999999999995);
INSERT INTO combat_coords VALUES(9,1,1,379.259999999999991,194.0399999999999921,1014.17999999999995);
INSERT INTO combat_coords VALUES(10,2,1,370.759999999999991,193.0900000000000034,1014.17999999999995);
INSERT INTO combat_coords VALUES(11,2,1,359.4399999999999978,173.8600000000000137,1014.17999999999995);
INSERT INTO combat_coords VALUES(12,1,1,335.6999999999999887,194.6200000000000045,1014.17999999999995);
INSERT INTO combat_coords VALUES(13,2,1,341.6899999999999978,193.0999999999999944,1014.17999999999995);
INSERT INTO combat_coords VALUES(14,2,1,358.1200000000000045,193.759999999999991,1014.17999999999995);
INSERT INTO combat_coords VALUES(15,1,1,324.4800000000000181,192.3300000000000125,1014.17999999999995);
INSERT INTO combat_coords VALUES(16,2,1,322.8199999999999932,184.0699999999999932,1014.17999999999995);
INSERT INTO combat_coords VALUES(17,2,1,328.5699999999999932,190.6299999999999955,1014.17999999999995);
INSERT INTO combat_coords VALUES(18,2,1,336.6499999999999773,182.0500000000000113,1014.17999999999995);
INSERT INTO combat_coords VALUES(19,3,1,326.7799999999999727,152.009999999999991,1014.17999999999995);
INSERT INTO combat_coords VALUES(20,1,1,321.25,161.8600000000000137,1014.17999999999995);
INSERT INTO combat_coords VALUES(21,2,1,326.75,164.0600000000000022,1014.17999999999995);
INSERT INTO combat_coords VALUES(22,2,1,378.3199999999999932,152.9799999999999898,1017.980000000000018);
INSERT INTO combat_coords VALUES(23,2,1,364.1999999999999887,171.5999999999999944,1019.980000000000018);
INSERT INTO combat_coords VALUES(24,3,1,350.9800000000000181,166.4799999999999898,1019.980000000000018);
INSERT INTO combat_coords VALUES(25,1,1,350.0600000000000022,194.8400000000000034,1019.980000000000018);
INSERT INTO combat_coords VALUES(26,2,1,350.4800000000000181,188.759999999999991,1019.980000000000018);
INSERT INTO combat_coords VALUES(27,2,1,362.259999999999991,198.0699999999999932,1019.980000000000018);
INSERT INTO combat_coords VALUES(28,3,1,371.4599999999999796,176.3000000000000113,1019.980000000000018);
INSERT INTO combat_coords VALUES(29,2,1,377.7699999999999819,163.1399999999999863,1025.779999999999973);
INSERT INTO combat_coords VALUES(30,1,1,364.6999999999999887,150.759999999999991,1025.779999999999973);
INSERT INTO combat_coords VALUES(31,2,1,363.910000000000025,156.8400000000000034,1025.779999999999973);
INSERT INTO combat_coords VALUES(32,2,1,354.5500000000000113,155.3100000000000022,1025.779999999999973);
INSERT INTO combat_coords VALUES(33,2,1,354.6000000000000227,168.9699999999999989,1025.779999999999973);
INSERT INTO combat_coords VALUES(34,3,1,348.3799999999999955,161.5,1025.779999999999973);
INSERT INTO combat_coords VALUES(35,4,1,1543.970000000000027,-1352.910000000000081,329.4700000000000273);
INSERT INTO combat_coords VALUES(36,5,1,371.0699999999999932,161.1200000000000045,1025.779999999999973);
INSERT INTO combat_coords VALUES(37,6,1,1547.289999999999964,-1366.25,326.2099999999999796);
INSERT INTO combat_coords VALUES(38,7,1,2649.7800000000002,-2452.429999999999837,13.78999999999999915);
INSERT INTO combat_coords VALUES(39,8,1,2635.139999999999873,-2461.9699999999998,3.0);
INSERT INTO combat_coords VALUES(40,2,2,29.79981000000000079,2238.5,93.7000000000000028);
INSERT INTO combat_coords VALUES(41,2,2,30.69999999999999929,2246.100100000000111,95.5999999999999944);
INSERT INTO combat_coords VALUES(42,2,2,38.0,2245.399899999999889,95.2999999999999972);
INSERT INTO combat_coords VALUES(43,2,2,37.89999999999999858,2235.800000000000182,98.2000000000000028);
INSERT INTO combat_coords VALUES(44,2,2,40.0,2238.199999999999818,90.90000000000000569);
INSERT INTO combat_coords VALUES(45,2,2,34.79999999999999715,2245.199999999999818,89.29999999999999716);
INSERT INTO combat_coords VALUES(46,2,2,34.70000000000000285,2235.399899999999889,86.29999999999999716);
INSERT INTO combat_coords VALUES(47,2,2,39.5,2234.199999999999818,86.29999999999999716);
INSERT INTO combat_coords VALUES(48,2,2,40.70000000000000285,2246.399899999999889,90.90000000000000569);
INSERT INTO combat_coords VALUES(49,9,2,33.60000000000000142,2248.199999999999818,94.9000000000000056);
INSERT INTO combat_coords VALUES(50,9,2,43.60000000000000142,2242.5,90.5);
INSERT INTO combat_coords VALUES(51,9,2,39.0,2232.300000000000182,86.09999999999999431);
CREATE TABLE IF NOT EXISTS "high_scores" (
	"id"	INTEGER,
	"type"	INTEGER,
	"spec_id"	INTEGER,
	"value"	INTEGER NOT NULL,
	"user_id"	INTEGER NOT NULL,
	"time"	INTEGER,
	"vehicle_model"	INTEGER,
	PRIMARY KEY("id"),
	FOREIGN KEY("type") REFERENCES "high_scores_types"("id"),
	FOREIGN KEY("user_id") REFERENCES "users"("id")
);
CREATE TABLE IF NOT EXISTS "tutorials" (
	"id"	INTEGER,
	"user_id"	INTEGER NOT NULL UNIQUE,
	"active"	INTEGER DEFAULT 0,
	"property_rented_count"	INTEGER DEFAULT 0,
	"property_bought_count"	INTEGER DEFAULT 0,
	"race_finished_count"	INTEGER DEFAULT 0,
	"joined_team"	INTEGER DEFAULT 0,
	"trucking_missions_done"	INTEGER DEFAULT 0,
	"taxi_missions_done"	INTEGER DEFAULT 0,
	"sent_pm"	INTEGER DEFAULT 0,
	"deposited_money_to_bank"	INTEGER DEFAULT 0,
	"deathmatch_played"	INTEGER DEFAULT 0,
	PRIMARY KEY("id" AUTOINCREMENT),
	FOREIGN KEY("user_id") REFERENCES "users"("id")
);
PRAGMA writable_schema=ON;
CREATE TABLE IF NOT EXISTS sqlite_sequence(name,seq);
DELETE FROM sqlite_sequence;
INSERT INTO sqlite_sequence VALUES('users',0);
INSERT INTO sqlite_sequence VALUES('property_coords',0);
INSERT INTO sqlite_sequence VALUES('property_skins',0);
INSERT INTO sqlite_sequence VALUES('tutorials',0);
PRAGMA writable_schema=OFF;

-- +goose Down
DROP TABLE IF EXISTS "tutorials";
DROP TABLE IF EXISTS "high_scores";
DROP TABLE IF EXISTS "combat_coords";
DROP TABLE IF EXISTS "combat_mission";
DROP TABLE IF EXISTS "high_scores_types";
DROP TABLE IF EXISTS "combat_coord_types";
DROP TABLE IF EXISTS "team_coords";
DROP TABLE IF EXISTS "drug_coords";
DROP TABLE IF EXISTS "drug_types";
DROP TABLE IF EXISTS "prize_coords";
DROP TABLE IF EXISTS "prize_types";
DROP TABLE IF EXISTS "atm_coords";
DROP TABLE IF EXISTS "properties";
DROP TABLE IF EXISTS "property_skins";
DROP TABLE IF EXISTS "property_types";
DROP TABLE IF EXISTS "property_coords";
DROP TABLE IF EXISTS "property_coord_types";
DROP TABLE IF EXISTS "vehicles";
DROP TABLE IF EXISTS "trucking_coords";
DROP TABLE IF EXISTS "trucking_points";
DROP TABLE IF EXISTS "trucking_facility_types";
DROP TABLE IF EXISTS "trucking_coord_types";
DROP TABLE IF EXISTS "truck_type";
DROP TABLE IF EXISTS "users";
DROP TABLE IF EXISTS "drugz";
DROP TABLE IF EXISTS "drug_owner_type";
DROP TABLE IF EXISTS "teams";
DROP TABLE IF EXISTS "race_coords";
DROP TABLE IF EXISTS "race_types";
DROP TABLE IF EXISTS "races";
DROP TABLE IF EXISTS "drug_prices";